Data Set ID,Composer,Prelude Number,Part,Dynamic Range,Average Note to Note Change in Dynamics,Variation of Dynamics,Variation of Dynamics In Each Voice,Acoustic Guitar Prevalence,Amount of Arpeggiation,Amount of Staccato,Average Interval Spanned by Melodic Arcs,Average Length of Melodic Arcs,Average Note Duration,Average Number of Independent Voices,Average Number of Simultaneous Pitch Classes,Average Number of Simultaneous Pitches,Average Range of Glissandos,Average Rest Fraction Across Voices,Average Time Between Attacks,Average Time Between Attacks for Each Voice,Average Variability of Time Between Attacks for Each Voice,Brass Prevalence,Chord Duration,Chromatic Motion,Combined Strength of Two Strongest Rhythmic Pulses,Combined Strength of Two Strongest Rhythmic Pulses - Tempo Standardized,Complete Rests Fraction,Complex Chords,Complex Initial Meter,Compound Initial Meter,Contrary Motion,Difference Between Most Common Rhythmic Values,Diminished and Augmented Triads,Direction of Melodic Motion,Distance Between Most Prevalent Melodic Intervals,Distance Between Two Most Common Vertical Intervals,Dominant Seventh Chords,Dominant Spread,Duple Initial Meter,Duration in Seconds,Electric Guitar Prevalence,Electric Instrument Prevalence,First Pitch,First Pitch Class,Glissando Prevalence,Harmonicity of Two Strongest Rhythmic Pulses,Harmonicity of Two Strongest Rhythmic Pulses - Tempo Standardized,Importance of Bass Register,Importance of High Register,Importance of Loudest Voice,Importance of Middle Register,Initial Tempo,Interval Between Most Prevalent Pitch Classes,Interval Between Most Prevalent Pitches,Last Pitch,Last Pitch Class,Longest Complete Rest,Longest Partial Rest,Longest Rhythmic Value,Major or Minor,Maximum Note Duration,Maximum Number of Independent Voices,Mean Complete Rest Duration,Mean Melodic Interval,Mean Partial Rest Duration,Mean Pitch,Mean Pitch Class,Mean Rhythmic Value,Mean Rhythmic Value Offset,Mean Rhythmic Value Run Length,Mean Tempo,Median Complete Rest Duration,Median Partial Rest Duration,Median Rhythmic Value Offset,Median Rhythmic Value Run Length,Melodic Embellishments,Melodic Large Intervals,Melodic Octaves,Melodic Perfect Fifths,Melodic Perfect Fourths,Melodic Pitch Variety,Melodic Sevenths,Melodic Sixths,Melodic Thirds,Melodic Tritones,Metrical Diversity,Microtone Prevalence,Minimum Note Duration,Minor Major Melodic Third Ratio,Minor Major Triad Ratio,Most Common Melodic Interval,Most Common Pitch,Most Common Pitch Class,Most Common Rhythmic Value,Most Common Vertical Interval,Non-Standard Chords,Note Density,Note Density Variability,Note Density per Quarter Note,Note Density per Quarter Note Variability,Note Density per Quarter Note per Voice,Number of Common Melodic Intervals,Number of Common Pitch Classes,Number of Common Pitches,Number of Common Rhythmic Values Present,Number of Different Rhythmic Values Present,Number of Moderate Rhythmic Pulses,Number of Moderate Rhythmic Pulses - Tempo Standardized,Number of Pitch Classes,Number of Pitched Instruments,Number of Pitches,Number of Relatively Strong Rhythmic Pulses,Number of Relatively Strong Rhythmic Pulses - Tempo Standardized,Number of Strong Rhythmic Pulses,Number of Strong Rhythmic Pulses - Tempo Standardized,Number of Unpitched Instruments,Oblique Motion,Orchestral Strings Prevalence,Parallel Fifths,Parallel Motion,Parallel Octaves,Partial Chords,Partial Rests Fraction,Perfect Vertical Intervals,Pitch Class Kurtosis,Pitch Class Kurtosis After Folding,Pitch Class Skewness,Pitch Class Skewness After Folding,Pitch Class Variability,Pitch Class Variability After Folding,Pitch Kurtosis,Pitch Skewness,Pitch Variability,Polyrhythms,Polyrhythms - Tempo Standardized,Prevalence Ratio of Two Most Common Vertical Intervals,Prevalence of Dotted Notes,Prevalence of Long Rhythmic Values,Prevalence of Medium Rhythmic Values,Prevalence of Most Common Melodic Interval,Prevalence of Most Common Pitch,Prevalence of Most Common Pitch Class,Prevalence of Most Common Rhythmic Value,Prevalence of Most Common Vertical Interval,Prevalence of Second Most Common Vertical Interval,Prevalence of Short Rhythmic Values,Prevalence of Very Long Rhythmic Values,Prevalence of Very Short Rhythmic Values,Quadruple Initial Meter,Range,Range of Rhythmic Values,Relative Note Density of Highest Line,Relative Note Durations of Lowest Line,Relative Prevalence of Most Common Melodic Intervals,Relative Prevalence of Most Common Rhythmic Values,Relative Prevalence of Top Pitch Classes,Relative Prevalence of Top Pitches,Relative Range Isolation of Loudest Voice,Relative Range of Highest Line,Relative Range of Loudest Voice,Relative Size of Melodic Intervals in Lowest Line,Repeated Notes,Rhythmic Looseness,Rhythmic Looseness - Tempo Standardized,Rhythmic Value Kurtosis,Rhythmic Value Skewness,Rhythmic Value Variability,Rhythmic Variability,Rhythmic Variability - Tempo Standardized,Saxophone Prevalence,Second Most Common Vertical Interval,Second Strongest Rhythmic Pulse,Second Strongest Rhythmic Pulse - Tempo Standardized,Seventh Chords,Shortest Rhythmic Value,Similar Motion,Simple Initial Meter,Standard Triads,Stepwise Motion,Strength Ratio of Two Strongest Rhythmic Pulses,Strength Ratio of Two Strongest Rhythmic Pulses - Tempo Standardized,Strength of Second Strongest Rhythmic Pulse,Strength of Second Strongest Rhythmic Pulse - Tempo Standardized,Strength of Strongest Rhythmic Pulse,Strength of Strongest Rhythmic Pulse - Tempo Standardized,String Ensemble Prevalence,String Keyboard Prevalence,Strong Tonal Centres,Strongest Rhythmic Pulse,Strongest Rhythmic Pulse - Tempo Standardized,Tempo Variability,Total Number of Notes,Triple Initial Meter,Unpitched Percussion Instrument Prevalence,Variability Across Voices of Combined Rests,Variability in Rhythmic Value Run Lengths,Variability of Complete Rest Durations,Variability of Note Durations,Variability of Note Prevalence of Pitched Instruments,Variability of Note Prevalence of Unpitched Instruments,Variability of Number of Independent Voices,Variability of Number of Simultaneous Pitch Classes,Variability of Number of Simultaneous Pitches,Variability of Partial Rest Durations,Variability of Rhythmic Value Offsets,Variability of Time Between Attacks,Variability of Voice Separation,Vertical Dissonance Ratio,Vertical Major Third Prevalence,Vertical Minor Seconds,Vertical Minor Third Prevalence,Vertical Octaves,Vertical Perfect Fifths,Vertical Perfect Fourths,Vertical Sevenths,Vertical Sixths,Vertical Thirds,Vertical Tritones,Vertical Unisons,Vibrato Prevalence,Violin Prevalence,Voice Equality - Dynamics,Voice Equality - Melodic Leaps,Voice Equality - Note Duration,Voice Equality - Number of Notes,Voice Equality - Range,Voice Overlap,Voice Separation,Woodwinds Prevalence
C:\Users\Sui Wei En\Downloads\Combined_abc\bach10_c.mid,Bach,10,c,8.533333333,0.033520389,3.172681628,1.586340814,0,0.2468,0,32.01,2.586,0.1637,1,1.452,1.479,0,0.01154,0.1843,0.1843,0.2528,0,0.3858,0.09957,0.2216,0.2216,0.01154,0,0,0,0.2208,5,0.05882,0.76,1,6,0,4,0,43.33,0,0,55,7,0.002584,1.333,1.333,0.1886,0.1783,0,0.6331,120,2,2,54,6,1,1,4,0,2,1,1,12.08,1,63,6.245,0.3295,0.003445,11.38,120,1,1,0,2,0,0.4892,0.04762,0.04329,0.04329,4.838,0.04762,0.03896,0.04329,0.01299,1,0.002584,0.125,1.5,1.5,2,57,11,0.25,9,0.1029,8.931,3.203,4.465,1.621,4.465,2,0,0,1,8,10,10,12,1,39,10,10,4,4,0,0.03896,0,0,0.3247,0,0.8603,0.01154,0.1518,5.017,6.009,-0.6262,-0.3199,3.615,2.641,5.316,0.3731,9.703,0.3,0.3,0.9318,0.01292,0.02842,0.04134,0.1082,0.08269,0.1835,0.9483,0.2304,0.2147,0.9587,0,0.9483,1,48,7,0.1628,1,0.92,0.01907,0.9577,1,0,1,1,1,0.02597,0,0,48.75,0.5722,0.4166,0.02361,0.02361,0,3,120,120,0,0.25,0.4156,1,0.03676,0.2078,1.052,1.052,0.108,0.108,0.1136,0.1136,0,1,3,160,160,0,387,0,0,0,20.18,0,0.202,0,0,0,0.5989,0.6381,0,0.03825,0.2528,0,0.2244,0.05837,0.02618,0.1138,0.04712,0.04712,0.05759,0.02094,0.3403,0.3246,0.06806,0,0,0,0,0,0,0,0,0,0,0
C:\Users\Sui Wei En\Downloads\Combined_abc\bach11_c.mid,Bach,11,c,8.533333333,0.061390887,3.656031087,1.828015544,0,0.6455,0,7.694,1.51,0.1914,1,1,1,0,0.01356,0.1917,0.1917,0.2424,0,0.4915,0.05291,0.2356,0.2356,0.01356,0,0,0,0,1,0,0.4257,3,0,0,7,0,36.88,0,0,60,0,0.005263,1.5,1.5,0.3263,0.1526,0,0.5211,120,1,5,57,9,1,1,3,0,1.5,1,1,3.995,1,61,5.663,0.3829,0,7.037,120,1,1,0,4,0,0.01058,0.005291,0.03704,0.1005,4.862,0.08466,0.0582,0.3016,0.04762,1,0.005263,0.125,1.714,0,0,70,9,0.25,0,0,5.153,1.001,2.576,1.108,2.576,4,0,0,2,3,10,10,11,1,36,10,10,5,5,0,0,0,0,0,0,0,0.01356,0,4.904,4.779,0.5973,1.412,3.331,3.914,4.984,-0.7164,11.02,0.3,0.3,0,0.03158,0.03158,0.1842,0.2169,0.07895,0.1579,0.7842,0,0,0.9684,0,0.7842,1,42,6,0.3211,1,0.878,0.2349,0.9333,0.8,0,1,1,1,0.2169,0,0,31.15,0.8244,0.4836,0.0244,0.0244,0,0,80,80,0,0.25,0,1,0,0.1376,1.103,1.103,0.112,0.112,0.1236,0.1236,0,1,3,120,120,0,190,0,0,0,6.63,0,0.2418,0,0,0,0,0,0,0,0.2424,0,0,0,0,0,0,0,0,0,0,0,0,0,0,0,0,0,0,0,0,0,0,0
C:\Users\Sui Wei En\Downloads\Combined_abc\bach12_c.mid,Bach,12,c,8.533333333,0.053128991,2.78510143,1.392550715,0,0.3551,0,15.78,1.524,0.28,1,1.232,1.337,0,0.03883,0.2744,0.2744,0.2797,0,0.5845,0.01449,0.2155,0.2155,0.03883,0,0,0,0.1667,1,0,0.632,4,3,0,3,0,38.62,0,0,53,5,0.005587,1.333,1.333,0.2235,0.1899,0,0.5866,120,5,7,60,0,2,2,6,0,3,1,1.5,9.413,1.5,62,4.631,0.5615,0.001397,2.266,120,2,2,0,2,0.02793,0.2609,0.03623,0.08696,0.1377,6.704,0.05072,0.1522,0.05797,0.04348,1,0.005587,0.125,1,0,5,72,5,0.25,0,0.04545,4.634,1.196,2.317,0.6851,2.317,3,1,2,3,7,10,10,11,1,33,10,10,6,6,0,0.3333,0,0,0,0,0.9545,0.03883,0.4034,4.987,4.641,-0.3285,-1.108,3.367,4.31,5.181,-0.6196,9.9,0.2,0.2,0.8286,0.03352,0.05028,0.4302,0.1377,0.1006,0.257,0.5642,0.2941,0.2437,0.743,0.005587,0.5642,1,43,8,0.3464,1,0.7895,0.3168,0.6957,0.9444,0,1,1,1,0.0942,0,0,43.98,1.557,0.6,0.0243,0.0243,0,3,80,80,0,0.25,0.5,1,0,0.07971,1.009,1.009,0.1072,0.1072,0.1082,0.1082,0,1,1,60,60,0,179,0,0,0,1.558,0.7071,0.299,0,0,0,0.4456,0.5695,0.7071,0.01869,0.2797,0,0.09174,0.06734,0.008403,0.09764,0.2605,0.05042,0.05882,0.02521,0.06723,0.4454,0.03361,0.03361,0,0,0,0,0,0,0,0,0,0
C:\Users\Sui Wei En\Downloads\Combined_abc\bach13_c.mid,Bach,13,c,8.533333333,0.07545552,1.419741151,0.709870575,0,0.3759,0,16.42,1.789,0.2246,1,1.029,1.033,0,0.03226,0.2265,0.2265,0.1501,0,0.5127,0.07519,0.2265,0.2265,0.03226,0,0,0,0.3333,2,0,0.5118,1,9,0,6,0,31,0,0,73,1,0.007246,2,2,0.2319,0.2826,0,0.4855,120,2,19,66,6,1,1,2,0,0.875,1,0.6667,8.947,0.6667,64,5.746,0.4529,0.003623,2.706,120,0.75,0.75,0,2,0.01449,0.2707,0.04511,0.05263,0.09774,7.7,0.02256,0.05263,0.1729,0.03759,1,0.007246,0.125,1.556,0,2,73,6,0.25,9,0,4.452,1.165,2.226,0.3783,2.226,3,0,0,2,6,10,10,11,1,30,10,10,6,6,0,0,0,0,0,0,1,0.03226,0.125,4.982,7.08,-0.221,-0.5956,3.443,2.81,5.258,-0.4688,10.53,0.3,0.3,0.5,0.2536,0.01449,0.413,0.1278,0.08696,0.1594,0.587,0.25,0.125,0.7246,0,0.587,1,42,5,0.4638,1,0.8235,0.4074,1,0.75,0,1,1,1,0.04511,0,0,14.22,1.934,0.3147,0.02433,0.02433,0,0,80,80,0,0.25,0.6667,1,0,0.203,1.128,1.128,0.1064,0.1064,0.1201,0.1201,0,1,2,160,160,0,138,0,0,0,2.119,0.3819,0.1489,0,0,0,0.1683,0.1795,0.3819,0.02999,0.1501,0,0.6,0,0.125,0.004167,0.125,0,0,0.125,0.375,0.125,0,0,0,0,0,0,0,0,0,0,0,0
C:\Users\Sui Wei En\Downloads\Combined_abc\bach14_c.mid,Bach,14,c,8.533333333,0.04700565,2.613925274,1.306962637,0,0.4355,0,35.2,2.683,0.1749,1,1.48,1.547,0,0.03243,0.1814,0.1814,0.2018,0,0.3728,0.02419,0.2222,0.2222,0.03243,0,0,0,0.1818,1,0.0125,0.7727,5,1,0,4,0,23.12,0,0,73,1,0.005051,2.319,2.319,0.2778,0.2071,0,0.5152,120,10,26,65,5,1,1,4,0,2.25,1,0.75,11.77,0.75,62,5.793,0.3497,0.005051,3.736,120,1,1,0,2,0,0.4516,0.04032,0.04032,0.129,5.205,0.08871,0.04032,0.02419,0,1,0.005051,0.125,0,0,5,73,1,0.25,3,0.0125,8.562,1.652,4.281,1.074,4.281,2,0,0,2,5,10,10,11,1,34,10,10,6,6,0,0.4848,0,0,0.1212,0,0.925,0.03243,0.2182,4.698,5.828,-0.1701,-0.4461,3.651,2.411,4.959,-0.5275,10.14,0.3,0.3,0.8929,0.0202,0.0101,0.2525,0.129,0.08586,0.1919,0.7374,0.2545,0.2273,0.9747,0,0.7374,1,39,7,0.3131,1,0.875,0.3219,0.7895,0.8235,0,1,1,1,0.1129,0,0,87.65,0.8693,0.3442,0.0243,0.0243,0,4,69,69,0,0.25,0.2121,1,0.0625,0.07258,1.1,1.1,0.1058,0.1058,0.1164,0.1164,0,1,3,160,160,0,198,0,0,0,4.907,0.3536,0.1776,0,0,0,0.5627,0.6179,0.3536,0.05012,0.2018,0,0.06796,0.1397,0,0.1508,0.1091,0.03636,0.07273,0,0.2364,0.4818,0.06364,0,0,0,0,0,0,0,0,0,0,0
C:\Users\Sui Wei En\Downloads\Combined_abc\bach15_c.mid,Bach,15,c,8.533333333,0.067219458,2.933381656,1.466690828,0,0.3118,0,27.67,2.333,0.1383,1,2.019,2.239,0,0.03727,0.1375,0.1375,0.01922,0,0.2838,0.1398,0.1209,0.1209,0.03727,0,0,0,0.3011,1,0,0.5357,1,4,0,7,0,13.42,0,0,74,2,0.004762,1.333,1.333,0.2381,0.2,0,0.5619,120,5,5,60,0,1,1,0.25,0,0.1667,1,1,10.91,1,62,5.257,0.25,0.02659,210,120,1,1,0,210,0,0.3978,0.03226,0.03226,0.07527,4.667,0.02151,0.05376,0.08602,0.03226,1,0.004762,0.125,1.667,1.2,1,57,2,0.25,4,0.07634,15.65,1.149,7.826,1.487,7.826,2,0,0,1,1,25,25,11,1,36,23,23,0,0,0,0.1183,0,0,0.06452,0,0.8397,0.03727,0.3122,4.834,5.62,-0.6311,0.7161,3.531,2.514,5.294,0.232,10.34,0.2174,0.2174,0.8161,0,0,0,0.1398,0.07619,0.1571,1,0.1752,0.143,1,0,1,1,45,0,0.2952,1,0.6923,0,0.9394,0.8125,0,1,1,1,0.09677,0.3043,0.3043,0,0,0,0.01421,0.01421,0,0,120,120,0,0.25,0.5161,1,0.08397,0.172,1.075,1.075,0.05828,0.05828,0.06263,0.06263,0,1,2,90,90,0,210,0,0,0,0,0,0.01947,0,0,0,0.6372,0.6333,0,0.03894,0.01922,0,0.2714,0.2581,0.03827,0.1903,0.137,0.04834,0.1208,0.06445,0.1662,0.3082,0.05035,0.006042,0,0,0,0,0,0,0,0,0,0
C:\Users\Sui Wei En\Downloads\Combined_abc\bach16_c.mid,Bach,16,c,8.533333333,0.022816399,1.600034224,0.800017112,0,0.5079,0,15.56,1.712,0.2085,1,1.353,1.37,0,0.02476,0.2324,0.2324,0.2337,0,0.4803,0.03175,0.2299,0.2299,0.02476,0,0,0,0.1429,1,0,0.469,3,1,0,3,0,30.29,0,0,62,2,0.005155,2,2,0.1959,0.1959,0,0.6082,120,2,2,59,11,1,1,4,0,2.125,1,0.5,8.175,0.5,63,4.969,0.4175,0.007302,2.487,120,0.25,0.25,0,2,0.1134,0.2143,0.03968,0.0873,0.07937,5.23,0.04762,0.1032,0.1984,0.01587,1,0.005155,0.125,1.273,0,3,72,2,0.25,2,0.02459,6.404,2.595,3.202,0.7691,3.202,2,0,1,2,7,10,10,12,1,38,10,10,3,3,0,0.1905,0,0,0.1429,0,0.9754,0.02476,0.1107,4.815,4.55,-0.02676,1.217,3.467,4.093,5.608,-0.6235,10.32,0.2,0.2,0.6,0.04124,0.01546,0.2835,0.1111,0.09794,0.1649,0.7113,0.2583,0.155,0.8711,0,0.7113,1,46,7,0.3247,1,0.9286,0.2246,0.9687,0.7368,0,1,1,1,0.1032,0,0,39.36,1.238,0.4059,0.02332,0.02332,0,3,48,48,0,0.25,0.5238,1,0,0.1111,1.069,1.069,0.1111,0.1111,0.1188,0.1188,0,1,2,96,96,0,194,0,0,0,2.686,0.433,0.2069,0,0,0,0.4952,0.5083,0.433,0.04047,0.2337,0,1.007,0.05078,0.1218,0.05924,0.04428,0.01107,0.05535,0.04428,0.09963,0.2878,0.07749,0,0,0,0,0,0,0,0,0,0,0
C:\Users\Sui Wei En\Downloads\Combined_abc\bach17_c.mid,Bach,17,c,6.4,0.049921997,3.131959708,1.565979854,0,0.3154,0,24.37,2.138,0.2359,1,1.541,1.623,0,0.01533,0.2055,0.2055,0.1482,0,0.4492,0.04027,0.2168,0.2168,0.01533,0,0,0,0.1818,1,0.0177,0.7194,17,1,0,7,0,32.62,0,0,67,7,0.004525,2,2,0.267,0.1991,0,0.5339,120,4,16,44,8,1,1,3,0,1.5,1,1,11.14,1,62,4.81,0.4751,0.003394,2.763,120,1,1,0,2,0,0.4295,0.02013,0.0604,0.07383,5.854,0.0604,0.1007,0.07383,0,1,0.004525,0.125,0.8333,0,19,51,3,0.25,3,0.0177,6.774,2.171,3.387,1.411,3.387,0,0,1,2,6,10,10,9,1,28,10,10,4,4,0,0.09091,0,0,0.1818,0,0.7699,0.01533,0.3486,4.779,4.875,-0.1722,-1.128,3.311,3.937,4.829,-0.1611,9.776,0.2,0.2,0.86,0.03167,0.03167,0.4118,0.08054,0.0905,0.1991,0.5701,0.2294,0.1972,0.8778,0,0.5701,1,41,6,0.2805,1,0.9167,0.5397,0.7045,0.9,0,1,1,1,0.06711,0,0,22.05,1.465,0.4609,0.02428,0.02428,0,4,96,96,0,0.25,0.5455,1,0.2124,0.1141,1,1,0.1084,0.1084,0.1084,0.1084,0,1,2,48,48,0,221,0,0,0,4.755,0,0.2271,0,0,0,0.6713,0.8285,0,0.02899,0.1482,0,0.06341,0.1673,0.004587,0.1868,0.09633,0.1239,0.1284,0.01376,0.1651,0.4266,0.01376,0,0,0,0,0,0,0,0,0,0,0
C:\Users\Sui Wei En\Downloads\Combined_abc\bach18_c.mid,Bach,18,c,8.533333333,0.080961417,3.372097147,1.686048574,0,0.4538,0,30.7,2.628,0.1713,1,1.386,1.408,0,0.02646,0.1759,0.1759,0.1182,0,0.3931,0.05385,0.2152,0.2152,0.02646,0,0,0,0.5385,1,0,0.7699,2,6,0,7,0,23.62,0,0,70,10,0.005291,1.25,1.25,0.2963,0.1799,0,0.5238,120,7,14,58,10,1,1,2,0,0.875,1,0.625,10.18,0.625,61,5.857,0.3452,0.002646,3.857,120,1,1,0,2,0,0.3538,0.05385,0.06154,0.06154,5.865,0.03077,0.06923,0.1,0.01538,1,0.005291,0.125,1.167,0,0,56,8,0.25,9,0.04412,8,1.858,4,1.37,4,1,0,0,2,6,10,10,12,1,35,10,10,4,4,0,0.07692,0,0,0.07692,0,0.9559,0.02646,0.225,4.733,5.765,-0.1243,0.04069,3.448,2.34,5.223,0.1009,10.39,0.2,0.2,0.9375,0.02646,0.005291,0.2593,0.1308,0.07937,0.1587,0.7407,0.2,0.1875,0.9524,0,0.7407,1,44,5,0.3228,1,0.5294,0.2857,0.9667,0.8667,0,1,1,1,0.1308,0,0,28.74,1.277,0.2237,0.02425,0.02425,0,3,120,120,0,0.25,0.3077,1,0,0.1231,1.019,1.019,0.1066,0.1066,0.1087,0.1087,0,1,1,96,96,0,189,0,0,0,7.517,0.5303,0.104,0,0,0,0.5192,0.5439,0.5303,0.02565,0.1182,0,0.25,0.04348,0,0.08152,0.05,0.0875,0.0875,0.0625,0.2875,0.2875,0.075,0,0,0,0,0,0,0,0,0,0,0
C:\Users\Sui Wei En\Downloads\Combined_abc\bach19_c.mid,Bach,19,c,6.4,0.063576159,3.028106095,1.514053048,0,0.3733,0,21.23,1.865,0.219,1,1.27,1.336,0,0.02837,0.225,0.225,0.175,0,0.4789,0.03333,0.2333,0.2333,0.02837,0,0,0,0.4706,1,0.01429,0.6667,3,4,0,6,0,35.25,0,0,71,11,0.004762,2,2,0.2143,0.3857,0,0.4,120,3,17,45,9,1,1,2,0,1,1,0.6667,10.76,0.6667,65,5.814,0.4393,0.00119,2.917,120,0.5,0.5,0,2,0.01905,0.38,0.01333,0.02,0.08,5.93,0.03333,0.1133,0.18,0.01333,1,0.004762,0.125,2.375,0,3,78,6,0.25,4,0.05714,5.957,2.493,2.979,0.8632,2.979,1,1,1,2,4,10,10,10,1,30,10,10,5,5,0,0.1765,0,0,0.05882,0,0.9429,0.02837,0.2342,4.865,5.287,-0.1705,-0.02071,3.268,2.069,4.959,-0.1436,11.04,0.3,0.3,0.6452,0,0.02857,0.319,0.1267,0.1095,0.2,0.681,0.2793,0.1802,0.8381,0,0.681,1,45,5,0.3095,1,0.6316,0.2308,0.9048,0.6957,0,1,1,1,0.08,0,0,13.14,1.533,0.3703,0.02436,0.02436,0,0,40,40,0,0.25,0.2941,1,0,0.08667,1.137,1.137,0.1092,0.1092,0.1241,0.1241,0,1,2,80,80,0,210,0,0,0,3.414,0.2887,0.1828,0,0,0,0.4757,0.5829,0.2887,0.01725,0.175,0,0.1443,0.1058,0.009009,0.0292,0.1622,0.03604,0.01802,0.07207,0.2613,0.3784,0.01802,0.01802,0,0,0,0,0,0,0,0,0,0
C:\Users\Sui Wei En\Downloads\Combined_abc\bach1_c.mid,Bach,1,c,10.66666667,0.09473061,3.211412269,1.605706134,0,0.7833,0,14.39,1.318,0.3239,1,1,1,0,0.008457,0.325,0.325,0.3677,0,1.184,0,0.3959,0.3959,0.008457,0,0,0,0,5,0,0.3966,12,0,0,5,0,59.12,0,0,67,7,0.005525,1.091,1.091,0.1492,0.0884,0,0.7624,120,7,5,64,4,1,1,4,0,2,1,1,7.106,1,61,5.094,0.6768,0.02901,2.08,120,1,1,0,2,0,0.2056,0.1,0.08333,0.01111,4.949,0.08333,0.1111,0.03889,0.01111,1,0.005525,0.125,6,0,0,60,7,0.25,0,0,3.061,0.248,1.531,0.1183,1.531,2,1,1,2,3,8,8,11,1,26,6,6,5,5,0,0,0,0,0,0,0,0.008457,0,4.902,6.48,0.07816,1.183,3.605,3.474,6.264,-0.1732,8.421,0.1667,0.1667,0,0,0.2376,0.232,0.3556,0.1105,0.2044,0.7624,0,0,0.7624,0,0.7624,1,45,7,0.337,1,0.2812,0.3043,0.8919,0.75,0,1,1,1,0.3556,0,0,6.997,1.64,0.7807,0.03024,0.03024,0,0,44,44,0,0.25,0,1,0,0,1.008,1.008,0.1972,0.1972,0.1987,0.1987,0,1,2,48,48,0,181,0,0,0,1.488,0,0.367,0,0,0,0,0,0,0.08028,0.3677,0,0,0,0,0,0,0,0,0,0,0,0,0,0,0,0,0,0,0,0,0,0,0
C:\Users\Sui Wei En\Downloads\Combined_abc\bach20_c.mid,Bach,20,c,6.4,0.073732719,3.201237115,1.600618557,0,0.3182,0,17.93,1.774,0.2604,1,1.367,1.446,0,0.01342,0.2272,0.2272,0.2039,0,0.4965,0.1169,0.2498,0.2498,0.01342,0,0,0,1,1,0,0.6242,4,2,0,3,0,37.25,0,0,71,11,0.004902,2,2,0.201,0.2157,0,0.5833,120,5,12,57,9,1,1,4,0,1.75,1,1,9.935,1,64,5.794,0.5331,0.01471,1.821,120,1,1,0,2,0.02451,0.3442,0.02597,0.04545,0.1104,6.037,0.04545,0.06494,0.1039,0.03247,1,0.004902,0.125,0.7778,0,1,57,9,0.25,3,0,5.477,1.941,2.738,0.7103,2.738,2,0,0,2,6,10,10,12,1,39,10,10,4,4,0,0,0,0,0,0,0.8632,0.01342,0.4177,4.939,5.499,-0.1834,0.4593,3.368,3.266,5.27,-0.2906,10.02,0.3,0.3,0.875,0.06373,0.03922,0.5049,0.1169,0.08333,0.1863,0.4755,0.2025,0.1772,0.902,0,0.4755,1,45,7,0.3137,1,0.9444,0.8969,0.8158,0.8824,0,1,1,1,0.03247,0,0,24.48,0.1692,0.5865,0.02447,0.02447,0,5,80,80,0,0.25,0,1,0.1368,0.1948,1.177,1.177,0.1148,0.1148,0.1351,0.1351,0,1,1,160,160,0,204,0,0,0,1.164,0,0.2681,0,0,0,0.5664,0.6563,0,0.07297,0.2039,0,0.05333,0.06803,0.006329,0.1088,0.1456,0.09494,0.1772,0.01899,0.2025,0.3291,0.01266,0,0,0,0,0,0,0,0,0,0,0
C:\Users\Sui Wei En\Downloads\Combined_abc\bach21_c.mid,Bach,21,c,10.66666667,0.126391382,2.31951819,1.159759095,0,0.4255,0,14,1.74,0.2167,1,2.364,3.051,0,0.03133,0.1617,0.1617,0.09963,0,0.3512,0.02128,0.2096,0.2096,0.03133,0,0,0,0.187,3,0,0.5057,6,4,0.1775,6,0,15.96,0,0,57,9,0.004545,2,2,0.2818,0.07727,0,0.6409,120,3,12,82,10,1,1,1,0,0.5,1,1,7.862,1,59,5.232,0.425,0.008333,16.92,120,1,1,0,12,0,0.117,0.1064,0.08511,0.1064,5.139,0.07447,0.2234,0.06383,0.01064,1,0.004545,0.125,0.5,0,2,53,5,0.25,3,0.0355,13.79,7.394,6.893,0.9831,6.893,5,1,1,2,3,21,21,12,1,36,10,10,1,1,0,0.1382,0,0.03252,0.187,0,0.7515,0.03133,0.3726,4.904,4.35,0.2086,1.023,3.335,4.334,5.852,-0.09081,9.16,0.3,0.3,0.9781,0,0,0.2455,0.117,0.09545,0.2091,0.7545,0.1542,0.1508,0.7727,0,0.7545,1,46,3,0.2682,1,1,0.3012,0.6739,0.9048,0,1,1,1,0.07447,0.1,0.1,5.744,1.67,0.3143,0.01879,0.01879,0,7,60,60,0.213,0.25,0.4878,1,0,0.1383,1.288,1.288,0.09158,0.09158,0.118,0.118,0,1,2,120,120,0,220,0,0,0,27.8,0,0.1553,0,0,0,0.9285,2.153,0,0.02506,0.09963,0,0.2956,0.2992,0.0116,0.2776,0.1319,0.1508,0.0841,0.0783,0.1218,0.2774,0.05945,0.0058,0,0,0,0,0,0,0,0,0,0
C:\Users\Sui Wei En\Downloads\Combined_abc\bach22_c.mid,Bach,22,c,8.533333333,0.123765903,3.271549147,1.635774574,0,0.3267,0,66.18,4.545,0.2444,1,2.155,2.518,0,0.01739,0.2698,0.2698,0.2429,0,0.5649,0.009901,0.2725,0.2725,0.01739,0.0274,0,0,0.4312,1,0.07534,0.87,9,3,0.07534,4,0,28.75,0,0,58,10,0.003425,1.5,1.5,0.1815,0.1781,0,0.6404,120,5,7,46,10,1,1,4,0,2,1,1,14.82,1,64,5.068,0.4889,0,4.294,120,1,1,0,3,0.006849,0.604,0.06931,0.009901,0.0297,4.446,0.05941,0.07921,0.07921,0.0297,1,0.003425,0.125,0.6,0.4615,17,65,5,0.5,3,0.2329,10.16,4.907,5.078,2.782,5.078,0,0,1,2,6,10,10,12,1,35,10,10,4,4,0,0.2202,0,0,0.04587,0,0.4178,0.01739,0.3248,4.766,4.939,0.05869,-0.9785,3.501,3.948,5.713,-0.2547,9.359,0.3,0.3,0.6042,0.0137,0.02397,0.6644,0.08911,0.09247,0.1849,0.5993,0.2175,0.1314,0.9315,0,0.3322,1,45,7,0.2192,1,0.7778,0.5543,0.8704,0.8148,0,1,1,1,0.009901,0,0,41.73,-0.09237,0.3615,0.02488,0.02488,0,0,80,80,0.08904,0.25,0.3028,1,0.2603,0.0297,1.026,1.026,0.1345,0.1345,0.138,0.138,0,1,3,120,120,0,292,0,0,0,5.456,0,0.1807,0,0,0,1.068,1.412,0,0,0.2429,0,0.1717,0.2434,0,0.4071,0.1284,0.1027,0.09063,0.02719,0.1949,0.3338,0.08157,0.003021,0,0,0,0,0,0,0,0,0,0
C:\Users\Sui Wei En\Downloads\Combined_abc\bach23_c.mid,Bach,23,c,6.4,0.031295844,2.723230657,1.361615328,0,0.4322,0,14.92,1.71,0.3188,1,1.219,1.28,0,0.03125,0.2923,0.2923,0.3777,0,0.6398,0.08475,0.2114,0.2114,0.03125,0,0,0,0.6,1,0,0.4906,2,3,0,6,0,36,0,0,71,11,0.007143,1.25,1.25,0.1929,0.1714,0,0.6357,120,3,15,47,11,1,1,4,0,2.125,1,0.75,7.924,0.75,63,6.621,0.6375,0.003571,2.333,120,1,1,0,1,0.07857,0.2797,0.02542,0.05932,0.05085,5.595,0.05932,0.04237,0.1356,0.0339,1,0.007143,0.125,1.667,0,2,71,11,0.25,3,0,3.889,1.309,1.944,0.5944,1.944,2,0,1,1,7,10,10,11,1,32,10,10,4,4,0,0.2,0,0,0,0,0.8491,0.03125,0.4444,4.791,5.636,-1.195,-0.3224,3.461,2.326,5.386,-0.2556,9.472,0.3,0.3,0.8621,0.01429,0.1286,0.2857,0.1271,0.1143,0.1857,0.6786,0.2302,0.1984,0.7786,0,0.6786,1,42,7,0.45,1,0.8,0.1474,0.9615,0.6875,0,1,1,1,0.1017,0,0,13.23,1.431,0.8126,0.02424,0.02424,0,0,96,96,0,0.25,0.2,1,0.1509,0.2119,1.014,1.014,0.1049,0.1049,0.1064,0.1064,0,1,2,120,120,0,140,0,0,0,2.113,0.433,0.4093,0,0,0,0.4777,0.7386,0.433,0.02977,0.3777,0,0.05,0.04301,0,0.1039,0.1984,0.1667,0.07937,0.03175,0.1825,0.3254,0,0,0,0,0,0,0,0,0,0,0,0
C:\Users\Sui Wei En\Downloads\Combined_abc\bach24_c.mid,Bach,24,c,10.66666667,0.08951049,3.36751211,1.683756055,0,0.471,0,16.6,1.705,0.3249,1,1.153,1.216,0,0.00626,0.2987,0.2987,0.1571,0,0.6931,0.03861,0.2713,0.2713,0.00626,0,0,0,0.1667,2,0,0.5485,2,3,0,6,0,79.88,0,0,66,6,0.003367,2.5,2.5,0.2458,0.1549,0,0.5993,120,5,5,47,11,1,1,4,0,2,1,1,8.927,1,62,6.091,0.6524,0.002525,1.954,120,1,1,0,2,0.03367,0.2896,0.05792,0.06178,0.1081,5.686,0.05019,0.04247,0.1506,0.02317,1,0.003367,0.125,2,0,5,71,6,0.5,0,0.05479,3.718,0.6926,1.859,0.4582,1.859,3,0,1,3,5,10,10,12,1,35,10,10,5,5,0,0.3333,0,0,0.1667,0,0.726,0.00626,0.4591,4.862,5.841,0.08013,-0.3302,3.403,2.386,5.168,-0.4157,9.113,0.3,0.3,0.9464,0.01347,0.01684,0.7037,0.1081,0.09091,0.1852,0.3906,0.2179,0.2062,0.67,0,0.2795,1,40,7,0.2088,1,0.9286,0.7672,0.9273,0.8889,0,1,1,1,0.08494,0,0,29.03,0.849,0.5384,0.02517,0.02517,0,3,48,48,0,0.25,0.3333,1,0.2192,0.1313,1.153,1.153,0.126,0.126,0.1453,0.1453,0,1,2,120,120,0,297,0,0,0,1.524,0,0.2675,0,0,0,0.4665,0.7397,0,0.02504,0.1571,0,0.08898,0.03307,0.003891,0.03937,0.2179,0.1556,0.0856,0.02335,0.1712,0.2879,0.04669,0,0,0,0,0,0,0,0,0,0,0
C:\Users\Sui Wei En\Downloads\Combined_abc\bach2_c.mid,Bach,2,c,8.533333333,0.033241674,3.64142895,1.820714475,0,0.5323,0,77.68,7.88,0.134,1,1.758,1.767,0,0.0178,0.1366,0.1366,0.1187,0,0.2857,0.04975,0.2031,0.2031,0.0178,0,0,0,0.3399,3,0,0.8782,5,6,0,4,0,28.08,0,0,53,5,0.00274,1.333,1.333,0.2904,0.03562,0,0.674,120,3,9,65,5,1,1,4,0,1.75,1,1,9.692,1,58,4.647,0.2678,0.002968,60.83,120,1,1,0,11,0,0.2388,0.1294,0.08955,0.0597,4.743,0.1443,0.08955,0.1144,0.04478,1,0.00274,0.125,1.3,0,12,60,0,0.25,9,0.04149,13,4.11,6.499,3.065,6.499,1,0,1,1,4,10,10,12,1,31,10,10,3,3,0,0.03922,0,0,0.3268,0,0.9585,0.0178,0.07463,5.059,4.461,-0.3135,0.7076,3.382,4.135,5.551,-0.4083,7.408,0.3,0.3,0.4848,0.00274,0.00274,0.01096,0.1294,0.1178,0.1836,0.9863,0.431,0.209,0.9863,0,0.9863,1,34,7,0.1589,1,0.6923,0.008333,0.806,0.7209,0,1,1,1,0.0199,0,0,288.9,0.2557,0.2089,0.0237,0.0237,0,3,160,160,0,0.25,0.2941,1,0,0.06965,1.008,1.008,0.1011,0.1011,0.1019,0.1019,0,1,2,120,120,0,365,0,0,0,132.1,0,0.0924,0,0,0,0.4937,0.4888,0,0.02849,0.1187,0,0.1308,0.06042,0.01679,0.1692,0.01119,0.05597,0,0.03358,0.5261,0.2836,0.005597,0.007463,0,0,0,0,0,0,0,0,0,0
C:\Users\Sui Wei En\Downloads\Combined_abc\bach3_c.mid,Bach,3,c,6.4,0.121212121,3.124893364,1.562446682,0,0.4554,0,12.16,1.327,0.1799,1,1.17,1.195,0,0.01852,0.1774,0.1774,0.09924,0,0.4055,0.02679,0.2268,0.2268,0.01852,0,0,0,0,1,0,0.5678,3,6,0.04082,6,0,40.5,0,0,73,1,0.003788,2.963,2.963,0.1364,0.3712,0,0.4924,120,5,12,51,3,1,1,1,0,0.5,1,0.75,8.192,0.75,66,5.125,0.3598,0,2.146,120,1,1,0,1,0.003788,0.2321,0.04018,0.07143,0.08482,5.042,0.03571,0.1116,0.1562,0.02679,1,0.003788,0.125,2.182,0,0,75,3,0.25,3,0.02041,6.519,2.323,3.259,1.083,3.259,3,0,0,2,3,10,10,11,1,31,10,10,4,4,0,0,0,0,0,0,0.9388,0.01852,0.2651,4.969,6.894,0.1155,-0.5244,3.247,3.056,4.787,0.4833,9.523,0.3,0.3,0.6667,0,0,0.3258,0.1116,0.08333,0.1856,0.6742,0.253,0.1687,0.9432,0,0.6742,1,36,3,0.25,1,0.96,0.3989,0.8571,0.8182,0,1,1,1,0.1116,0,0,10.41,1.717,0.1919,0.02433,0.02433,0,9,54,54,0.04082,0.25,1,1,0,0.1295,1.026,1.026,0.112,0.112,0.1148,0.1148,0,1,2,160,160,0,264,0,0,0,2.715,0.3536,0.09597,0,0,0,0.4301,0.5376,0.3536,0,0.09924,0,0.1528,0.02516,0,0.06604,0.09639,0.06024,0.1084,0.03614,0.2289,0.3735,0.03614,0,0,0,0,0,0,0,0,0,0,0
C:\Users\Sui Wei En\Downloads\Combined_abc\bach4_c.mid,Bach,4,c,6.4,0.123076923,3.109045814,1.554522907,0,0.4777,0,8.032,1.675,0.5694,1,1.044,1.044,0,0.02367,0.5569,0.5569,0.6359,0,1.173,0.09375,0.4096,0.4096,0.02367,0,0,0,0,2,0,0.4171,2,2,0,4,0,126.8,0,0,48,0,0.004405,1.5,1.5,0.2423,0.2379,0,0.5198,120,4,16,68,8,2,2,8,0,4.5,1,1,4.536,1,63,5.405,1.15,0.04626,2.009,120,1,1,0,1,0.03965,0.01786,0.01786,0.03571,0.183,6.766,0.05804,0.08482,0.3036,0.04464,1,0.004405,0.125,1.615,0,3,68,4,0.5,3,0,1.791,0.9185,0.8955,0.4815,0.8955,5,0,0,1,9,7,7,12,1,35,5,5,5,5,0,1,0,0,0,0,1,0.02367,0.2727,4.862,5.49,0.3554,-0.09804,3.421,2.831,5.142,-0.6915,10.15,0.6,0.6,0.75,0.1542,0.1674,0.8326,0.1875,0.07048,0.1586,0.6608,0.3636,0.2727,0.6696,0.02643,0.008811,1,42,9,0.2775,1,0.9762,0.1733,0.9444,0.8125,0,1,1,1,0.05804,0,0,12.24,1.489,1.309,0.03327,0.03327,0,5,80,80,0,0.25,0,1,0,0.1964,1.093,1.093,0.1957,0.1957,0.2139,0.2139,0,1,2,120,120,0,227,0,0,0,2.516,0.6325,0.6477,0,0,0,0.2061,0.2061,0.6325,0.173,0.6359,0,0.2222,0.00202,0.09091,0.01616,0,0,0.2727,0.09091,0.1364,0.4091,0,0,0,0,0,0,0,0,0,0,0,0
C:\Users\Sui Wei En\Downloads\Combined_abc\bach5_c.mid,Bach,5,c,8.533333333,0.030432715,3.511573566,1.755786783,0,0.4382,0,16.07,1.701,0.203,1,1.402,1.494,0,0.01511,0.1774,0.1774,0.294,0,0.3925,0.06742,0.243,0.243,0.01511,0,0,0,0.09091,1,0,0.5455,2,3,0,7,0,33.08,0,0,76,4,0.004149,2,2,0.1618,0.3071,0,0.5311,120,5,2,45,9,1,1,8,0,4,1,1,8.792,1,66,5.813,0.4046,0.001383,2.869,120,1,1,0,2,0,0.2303,0.01685,0.07303,0.1067,5.081,0.01685,0.05056,0.2191,0.04494,1,0.004149,0.125,1.167,0,3,71,4,0.25,3,0.01987,7.285,1.431,3.642,1.14,3.642,4,0,1,2,5,12,12,12,1,39,10,10,2,2,0,0.1818,0,0,0.4545,0,0.9801,0.01511,0.3541,4.907,5.97,-0.1658,0.6603,3.379,2.696,6.089,-0.8552,10.13,0.2,0.2,0.7556,0,0.02075,0.3817,0.118,0.09959,0.1494,0.6141,0.2277,0.172,0.9751,0.004149,0.6141,1,45,9,0.2739,1,0.9048,0.5878,1,0.8333,0,1,1,1,0.07303,0,0,159.8,0.8433,0.5498,0.02277,0.02277,0,0,48,48,0,0.25,0.2727,1,0,0.1685,1.036,1.036,0.1193,0.1193,0.1236,0.1236,0,1,2,96,96,0,241,0,0,0,2.853,0,0.2748,0,0,0,0.5351,0.8697,0,0.01067,0.294,0,0.1766,0.0422,0.0118,0.1036,0.1619,0.1417,0.04047,0.01012,0.2125,0.2833,0.1164,0.01012,0,0,0,0,0,0,0,0,0,0
C:\Users\Sui Wei En\Downloads\Combined_abc\bach6_c.mid,Bach,6,c,6.4,0.124352332,3.143638953,1.571819476,0,0.3435,0,13.57,1.253,0.1588,1,1.764,1.97,0,0.02321,0.1568,0.1568,0.1096,0,0.3313,0.06107,0.1685,0.1685,0.02321,0,0,0,0.03448,3,0.03209,0.4758,2,3,0,4,0,21.54,0,0,69,9,0.003831,1.297,1.297,0.1839,0.1877,0,0.6284,120,7,2,52,4,1,1,2,0,1,1,1,10.59,1,63,5.287,0.296,0.02299,20.08,120,1,1,0,4,0,0.313,0.06107,0.0916,0.0458,5.132,0.03817,0.2061,0.0687,0.05344,1,0.003831,0.125,2,0,9,67,2,0.25,0,0.03209,12.12,3.939,6.058,1.947,6.058,2,0,0,1,5,22,22,12,1,40,13,13,0,0,0,0.07759,0,0,0.1207,0,0.9679,0.02321,0.36,4.815,4.925,0.2615,1.409,3.297,3.694,5.626,-0.2371,9.309,0.1538,0.1538,0.9062,0.01149,0.01149,0.04598,0.1298,0.07663,0.1609,0.954,0.2327,0.2109,0.954,0,0.954,1,44,5,0.2414,1,0.7059,0.0241,0.881,1,0,1,1,1,0.05344,0.4615,0.4615,41.93,0.5929,0.2327,0.01678,0.01678,0,3,144,144,0,0.25,0.7672,1,0,0.0687,1.196,1.196,0.07674,0.07674,0.09178,0.09178,0,1,2,111,111,0,261,0,0,0,26.34,0,0.1168,0,0,0,0.4771,0.5162,0,0.03803,0.1096,0,0.1828,0.1505,0.02727,0.2059,0.2327,0.01636,0.1109,0.005455,0.1364,0.3491,0.08727,0,0,0,0,0,0,0,0,0,0,0
C:\Users\Sui Wei En\Downloads\Combined_abc\bach7_c.mid,Bach,7,c,6.4,0.036415363,3.013200529,1.506600264,0,0.4121,0,15.87,1.576,0.3148,1,1.223,1.251,0,0.02272,0.316,0.316,0.3116,0,0.672,0.04199,0.219,0.219,0.02272,0,0,0,0.1154,3,0,0.5581,3,1,0,7,0,121,0,0,68,8,0.002128,1.667,1.667,0.217,0.1809,0,0.6021,120,5,7,67,7,1,1,3,0,1.5,1,0.6875,9.341,0.6875,63,4.966,0.633,0.00727,2.207,120,1,1,0,1,0.0617,0.2913,0.03937,0.03937,0.1181,6.517,0.06562,0.06299,0.1417,0.03675,1,0.002128,0.125,1.7,2,5,72,0,0.25,3,0.02995,3.883,1.569,1.941,0.6498,1.941,1,0,0,1,7,10,10,12,1,39,10,10,3,3,0,0.1154,0,0,0.2692,0,0.9551,0.02272,0.1966,4.777,4.407,-0.03,-1.412,3.404,4.222,5.13,0.03167,9.674,0.2,0.2,0.6885,0.02979,0.1277,0.3745,0.1181,0.06596,0.1489,0.6191,0.2398,0.1651,0.7128,0,0.6191,1,43,6,0.134,1,0.7556,0.2199,1,0.9677,0,1,1,1,0.07349,0,0,7.367,1.84,0.6245,0.02355,0.02355,0,4,80,80,0,0.25,0.5,1,0.01498,0.1312,1.061,1.061,0.1063,0.1063,0.1127,0.1127,0,1,1,48,48,0,470,0,0,0,2.519,0.3472,0.3097,0,0,0,0.4482,0.4731,0.3472,0.04445,0.3116,0,0.2845,0.04438,0.003932,0.06446,0.1022,0.06684,0.02752,0.07077,0.1769,0.405,0.07077,0,0,0,0,0,0,0,0,0,0,0
C:\Users\Sui Wei En\Downloads\Combined_abc\bach8_c.mid,Bach,8,c,8.533333333,0.130203443,3.393664934,1.696832467,0,0.3566,0,16.33,1.556,0.6344,1,1.899,2.058,0,0.0107,0.4798,0.4798,0.4774,0,1.101,0.06294,0.4255,0.4255,0.0107,0,0,0,0.5,5,0.1176,0.5238,5,2,0.02941,3,0,70.12,0,0,70,10,0.004444,1.111,1.111,0.2578,0.2311,0,0.5111,120,7,19,51,3,1,1,6,0,3,1,0.75,9.294,0.75,63,6.102,1.277,0.01222,2.616,120,1,1,0,2,0.07111,0.2797,0.04196,0.04895,0.0979,4.986,0.02797,0.0979,0.1049,0.05594,1,0.004444,0.125,4,0.6795,0,70,10,2,3,0.2059,3.209,1.4,1.604,0.6037,1.604,2,1,0,2,9,10,10,12,1,40,5,5,3,3,0,0,0,0.08333,0.25,0,0.2537,0.0107,0.3058,4.775,6.061,0.9977,-1.226,3.314,2.979,5.085,-0.4412,10.28,0.2,0.2,0.5523,0.16,0.4444,0.6533,0.1189,0.07556,0.2,0.4133,0.232,0.1282,0.4089,0.004444,0.3156,1,45,8,0.28,1,0.8235,0.7634,0.9556,0.8824,0,1,1,1,0.1189,0,0,7.992,-0.7326,0.9145,0.02856,0.02856,0,5,54,54,0.05882,0.25,0.25,1,0.4816,0.1259,1.309,1.309,0.1843,0.1843,0.2412,0.2412,0,1,1,60,60,0,225,0,0,0,2.549,0.3536,0.4544,0,0,0,0.9976,1.239,0.3536,0.06352,0.4774,0,0.1269,0.218,0,0.3261,0.08544,0.09223,0.1282,0.01553,0.232,0.3495,0.06408,0,0,0,0,0,0,0,0,0,0,0
C:\Users\Sui Wei En\Downloads\Combined_abc\bach9_c.mid,Bach,9,c,6.4,0.104065041,3.089892084,1.544946042,0,0.4741,0,19.63,1.687,0.4466,1,1.135,1.144,0,0.02709,0.4709,0.4709,0.5498,0,1.026,0.02586,0.3781,0.3781,0.02709,0,0,0,0,3,0,0.5575,2,2,0,5,0,55.38,0,0,68,8,0.007246,1.5,1.5,0.2174,0.2174,0,0.5652,120,5,12,56,8,1,1,8,0,4.25,1,0.75,11.4,0.75,63,6.355,0.8967,0.01087,2.464,120,1,1,0,1,0.02899,0.4052,0.08621,0.0431,0.08621,6.549,0.07759,0.02586,0.1724,0.01724,1,0.007246,0.125,3,0,3,59,11,0.5,9,0.07407,2.492,1.208,1.246,0.4687,1.246,1,1,2,1,9,10,10,12,1,33,5,5,5,5,0,0.3333,0,0,0.6667,0,0.9259,0.02709,0.2941,4.832,5.922,0.3037,0.9445,3.508,2.233,5.303,-0.4245,9.475,0.4,0.4,0.6364,0.1522,0.0942,0.8478,0.1293,0.0942,0.2246,0.7101,0.3235,0.2059,0.7899,0.02174,0.07971,1,43,9,0.4565,1,0.6667,0.1429,0.6452,1,0,1,1,1,0.02586,0,0,23.2,1.06,1.123,0.02987,0.02987,0,7,120,120,0,0.25,0,1,0,0.06034,1.156,1.156,0.1754,0.1754,0.2027,0.2027,0,1,2,80,80,0,138,0,0,0,2.327,0.2887,0.5641,0,0,0,0.3675,0.3886,0.2887,0.07318,0.5498,0,0.0625,0.0232,0,0.01392,0.05882,0.2059,0.02941,0.05882,0.3824,0.2647,0,0,0,0,0,0,0,0,0,0,0,0
C:\Users\Sui Wei En\Downloads\Combined_abc\chopin10_c.mid,Chopin,10,c,44,1.189,4.971,4.971,0,0.4182,0,22.05,2.5,0.2614,1,1.714,1.778,0,0.0603,0.2833,0.2833,0.2363,0,0.5771,0.1091,0.2293,0.2293,0.0603,0,0,0,0,1,0.01935,0.6,2,1,0,3,0,16.58,0,0,91,7,0.009434,1.5,1.5,0.3302,0.3302,0,0.3396,120,7,36,37,1,1,1,3,0,1.5,1,1,8.145,1,61,5.075,0.4976,0.02516,4.077,120,1,1,0,3,0.009434,0.2,0.05455,0.1455,0.1455,5.118,0.07273,0.05455,0.05455,0.03636,1,0.009434,0.125,2,10,5,80,8,0.25,7,0.2968,6.392,2.791,3.196,1.731,3.196,4,2,1,3,5,19,19,11,1,32,10,10,1,1,0,0,0,0.2195,0.7073,0,0.2774,0.0603,0.4156,4.658,7.008,-0.8332,-0.5809,3.329,2.339,5.167,0.3515,15.3,0.3,0.3,0.8721,0.009434,0.01887,0.4528,0.1455,0.09434,0.3019,0.5377,0.1987,0.1732,0.7925,0,0.5377,1,60,6,0.5755,1,1,0.4737,0.7812,0.7,0,1,1,1,0.09091,0.1,0.1,20.58,1.843,0.4031,0.01897,0.01897,0,8,80,80,0,0.25,0.2927,1,0.4258,0.1455,1.724,1.724,0.0842,0.0842,0.1451,0.1451,0,1,1,120,120,0,106,0,0,0,4.436,0,0.1945,0,0,0,0.8962,0.9487,0,0.03844,0.2363,0,0.1395,0.04545,0.04158,0.1604,0.06908,0.1987,0.1478,0,0.2772,0.1848,0,0,0,0,0,0,0,0,0,0,0,0
C:\Users\Sui Wei En\Downloads\Combined_abc\chopin11_c.mid,Chopin,11,c,6.4,0.028070175,1.586891835,0.793445917,0,0.6136,0,13.07,1.711,0.3516,1,1.302,1.356,0,0.0177,0.2982,0.2982,0.2408,0,0.7399,0.01136,0.3491,0.3491,0.0177,0,0,0,0.25,5,0,0.5844,16,1,0,3,0,28.25,0,0,78,6,0.009346,1.5,1.5,0.2617,0.2243,0,0.514,120,3,8,35,11,1,1,3,0,1.5,1,1,6.818,1,62,6.327,0.7033,0,6.688,120,1,1,0,3,0,0.1818,0.04545,0.1023,0.1136,6.282,0.04545,0.09091,0.1705,0.01136,1,0.009346,0.125,1.143,0,0,66,6,0.5,7,0,3.788,1.75,1.894,0.9265,1.894,6,1,1,1,4,10,10,9,1,27,7,7,5,5,0,0,0,0.25,0.75,0,1,0.0177,0.6154,5.166,5.809,0.3189,1.07,3.077,2.018,5.673,-0.8496,11.52,0.4286,0.4286,0.5625,0.1028,0.07477,0.8785,0.125,0.1495,0.3178,0.8505,0.3516,0.1978,0.8972,0,0.04673,1,48,6,0.5794,1,1,0.08791,0.4412,0.5,0,1,1,1,0.125,0,0,13.61,0.8979,0.6791,0.02801,0.02801,0,8,80,80,0,0.25,0,1,0,0.1136,1.043,1.043,0.1709,0.1709,0.1782,0.1782,0,1,2,120,120,0,107,0,0,0,9.569,0,0.3396,0,0,0,0.459,0.5808,0,0,0.2408,0,0.01111,0,0,0.009009,0.1319,0.3516,0.1319,0,0.3516,0.02198,0,0,0,0,0,0,0,0,0,0,0,0
C:\Users\Sui Wei En\Downloads\Combined_abc\chopin12_c.mid,Chopin,12,c,63,1.514,7.51,7.51,0,0.4778,0,18.47,3.561,0.3807,1,1.4,1.574,0,0.00984,0.3736,0.3736,0.2579,0,0.8787,0.1407,0.4757,0.4757,0.00984,0,0,0,0.05,2,0.01311,0.7617,1,5,0,2,0,101.6,0,0,64,4,0.002404,2,2,0.2452,0.1466,0,0.6082,120,8,20,39,3,1,1,8,0,3.5,1,1,4.77,1,61,5.945,0.7638,0.002404,8.49,120,1,1,0,2,0.002404,0.06296,0.08519,0.05556,0.1111,3.669,0.02963,0.01852,0.163,0.02222,1,0.002404,0.125,0.913,0,2,71,3,0.5,0,0.02951,4.093,1.328,2.047,0.6779,2.047,4,0,0,2,6,5,5,12,1,47,5,5,5,5,0,0.2875,0,0.05,0.325,0.125,0.9443,0.00984,0.5686,4.669,5.125,-0.04689,0.07583,3.537,2.948,5.779,-0.3689,10.77,0.6,0.6,0.5619,0.01442,0.01923,0.976,0.1815,0.07452,0.1995,0.5577,0.2688,0.151,0.5649,0.002404,0.007212,1,49,9,0.1466,1,0.7755,0.7457,0.8072,0.9355,0,1,1,1,0.1296,0,0,102.9,1.534,0.516,0.03516,0.03516,0,5,60,60,0,0.25,0.3375,1,0.02623,0.3222,1.06,1.06,0.2309,0.2309,0.2448,0.2448,0,1,2,120,120,0,416,0,0,0,12.22,0,0.2417,0,0,0,0.5313,0.6333,0,0.04903,0.2579,0,0.09228,0.08944,0.008394,0.08571,0.2688,0.1488,0.151,0.02493,0.08771,0.2592,0.04386,0,0,0,0,0,0,0,0,0,0,0
C:\Users\Sui Wei En\Downloads\Combined_abc\chopin13_c.mid,Chopin,13,c,19,0.125,1.09,1.09,0,0.6547,0,11.01,1.45,0.5339,1,1.587,1.708,0,0.005233,0.425,0.425,0.4629,0,0.9697,0.01794,0.4427,0.4427,0.005233,0,0,0,0.06667,5,0.1203,0.6256,2,4,0,5,0,95.54,0,0,61,1,0.003289,3,3,0.4243,0.04276,0,0.5329,120,7,7,42,6,1,1,6,0,3,1,1,7.085,1,56,5.638,1.067,0.003015,7.795,120,1,1,0,1,0.03618,0.06726,0.04933,0.3946,0.06278,3.232,0.06726,0.1345,0.04933,0.03587,1,0.003289,0.125,0.375,0.1607,7,49,1,0.5,9,0.2004,3.182,1.925,1.591,0.866,1.591,2,2,2,2,8,5,5,9,1,28,5,5,5,5,0,0.5111,0,0.02222,0.2,0,0.51,0.005233,0.3339,4.723,7.157,-0.316,-0.5358,3.435,1.952,5.49,0.2651,9.009,0.6,0.6,0.7328,0.2039,0.2105,0.773,0.3946,0.1349,0.2204,0.7237,0.2229,0.1634,0.7566,0.01645,0.03289,1,41,8,0.1842,1,0.3068,0.2455,0.9552,0.9268,0,1,1,1,0.08969,0,0,10.06,1.471,1.157,0.0342,0.0342,0,5,120,120,0,0.25,0.2222,1,0.2895,0.04933,1.372,1.372,0.1866,0.1866,0.2561,0.2561,0,1,2,40,40,0,304,0,0,0,29.11,0,0.5779,0,0,0,0.7927,0.8572,0,0.01951,0.4629,0,0.153,0.0982,0,0.09294,0.1245,0.04603,0.1634,0.01895,0.3366,0.1968,0.09747,0,0,0,0,0,0,0,0,0,0,0
C:\Users\Sui Wei En\Downloads\Combined_abc\chopin14_c.mid,Chopin,14,c,4.266666667,0.009899459,2.135806764,1.067903382,0,0.5175,0,6.199,1.014,0.1667,1,1,1,0,0.02041,0.1666,0.1666,1.671e-16,0,0.3379,0,0.2554,0.2554,0.02041,0,0,0,0,1,0,0.4965,1,0,0,3,0,24.5,0,0,54,6,0.006944,1.5,1.5,0.6667,0,0,0.3333,120,3,15,39,3,1,1,0.25,0,0.1667,1,1,6.147,1,50,5.812,0.25,0.08333,144,120,1,1,0.08333,144,0,0,0.01399,0.1259,0.1748,5.696,0.09091,0.1958,0.2867,0.1049,1,0.006944,0.1667,0.64,0,4,54,6,0.25,0,0,5.878,0.2796,2.939,1.174,2.939,6,0,1,1,1,8,8,12,1,31,8,8,8,8,0,0,0,0,0,0,0,0.02041,0,4.896,5.303,-0.162,-0.3686,3.472,3.222,5.194,-0.007844,7.968,0.5,0.5,0,0,0,0,0.1748,0.09722,0.1528,1,0,0,1,0,1,1,34,0,0.3472,1,1,0,0.8636,0.7857,0,1,1,1,0,0,0,0,0,0,0.02725,0.02725,0,0,120,120,0,0.25,0,1,0,0.006993,1.007,1.007,0.1273,0.1273,0.1282,0.1282,0,1,1,180,180,0,144,0,0,0,0,0,5.57e-16,0,0,0,0,0,0,1.114e-16,1.671e-16,0,0,0,0,0,0,0,0,0,0,0,0,0,0,0,0,0,0,0,0,0,0,0
C:\Users\Sui Wei En\Downloads\Combined_abc\chopin15_c.mid,Chopin,15,c,63,1.277,6.765,6.765,0,0.6986,0,19.11,2.346,0.4392,1,1.358,1.578,0,0.006967,0.4022,0.4022,0.3535,0,1.44,0.03662,0.4505,0.4505,0.006967,0,0,0,0.1791,2,0,0.7213,12,7,0,3,0,143.5,0,0,68,8,0.001953,2,2,0.2051,0.09766,0,0.6973,120,5,12,56,8,1,1,4,0,2,1,1,5.631,1,59,6.225,0.8779,0.0004883,4.876,120,1,1,0,2,0.01953,0.0507,0.1718,0.06197,0.08169,2.945,0.07324,0.07606,0.07324,0.008451,1,0.001953,0.125,0.8571,0.125,0,56,8,0.5,0,0.06699,3.567,1.318,1.783,0.6833,1.783,2,1,2,2,8,7,7,12,1,42,5,5,5,5,0,0.2836,0,0,0.2687,0.194,0.8297,0.006967,0.5562,5.215,8.309,-1.658,-0.9354,3.212,2.499,5.957,0.4269,10.2,0.6,0.6,0.4055,0.0332,0.1211,0.9043,0.3127,0.2871,0.4746,0.5957,0.3179,0.1289,0.6387,0,0.04297,1,52,7,0.1152,1,0.5495,0.3803,0.2222,0.4354,0,1,1,1,0.3127,0,0,13.15,1.456,0.7789,0.0336,0.0336,0,7,60,60,0,0.25,0.2687,1,0.1033,0.09014,1.118,1.118,0.2127,0.2127,0.2378,0.2378,0,1,1,120,120,0,512,0,0,0,9.949,0,0.3893,0,0,0,0.581,0.644,0,0.006366,0.3535,0,0.12,0.05174,0.01181,0.07834,0.3179,0.1289,0.1094,0.03542,0.1353,0.2014,0.01518,0,0,0,0,0,0,0,0,0,0,0
C:\Users\Sui Wei En\Downloads\Combined_abc\chopin16_c.mid,Chopin,16,c,63,0.8881,7.722,7.722,0,0.4222,0,15.69,2.886,0.1849,1,1.32,1.412,0,0.009202,0.1608,0.1608,0.0824,0,0.3712,0.09281,0.2647,0.2647,0.009202,0,0,0,0.4,1,0.1486,0.5743,3,3,0,4,0,54.33,0,0,63,3,0.002433,1.5,1.5,0.3066,0.365,0,0.3285,120,2,2,34,10,1,1,2,0,1,1,1,5.096,1,65,4.628,0.3723,0.002433,31.62,120,1,1,0,6,0,0.03892,0.05689,0.04491,0.1647,4.258,0.03293,0.07186,0.1886,0.09281,1,0.002433,0.125,0.9091,1,5,53,3,0.25,3,0.3176,7.564,1.673,3.782,0.8806,3.782,6,0,0,2,5,11,11,12,1,57,10,10,5,5,0,0.275,0,0,0.05,0.025,0.6014,0.009202,0.3204,5.087,5.145,-0.3408,-0.3694,3.277,3.616,5.441,0.1938,15.03,0.3,0.3,0.9522,0.0292,0.002433,0.3723,0.1647,0.05596,0.1582,0.6277,0.1609,0.1532,0.9319,0,0.6277,1,72,5,0.1582,1,0.7455,0.4845,0.9385,0.913,0,1,1,1,0.09281,0,0,18.43,1.847,0.1986,0.02435,0.02435,0,0,80,80,0,0.25,0.275,1,0.08108,0.2156,1.062,1.062,0.1284,0.1284,0.1363,0.1363,0,1,3,120,120,0,411,0,0,0,65.8,0,0.0972,0,0,0,0.6328,0.7854,0,0.01405,0.0824,0,0.2201,0.05108,0.02285,0.08978,0.1532,0.09565,0.07154,0.05018,0.2594,0.2398,0.1074,0,0,0,0,0,0,0,0,0,0,0
C:\Users\Sui Wei En\Downloads\Combined_abc\chopin17_c.mid,Chopin,17,c,19,0.3523,2.278,2.278,0,0.4389,0,26.79,2.415,0.2781,1,1.639,1.949,0,0.0227,0.3003,0.3003,0.2025,0,0.7578,0.04444,0.407,0.407,0.0227,0,0,0,0.06061,3,0.03896,0.758,5,7,0.01732,4,0,110.1,0,0,60,0,0.001325,2,2,0.1974,0.09536,0,0.7073,120,5,7,51,3,3,3,6,0,3,1,1.667,10.75,1.667,60,5.399,0.5563,0,14.8,120,1,1,0,2,0.01192,0.2667,0.1333,0.1194,0.05833,4.014,0.08333,0.1111,0.05,0.01944,1,0.001325,0.125,0.2857,0.2222,12,63,3,0.5,0,0.1082,6.856,2.618,3.428,1.327,3.428,2,1,1,1,7,8,8,12,1,50,5,5,5,5,0,0.4646,0,0.0101,0.2121,0.1414,0.8268,0.0227,0.5347,4.757,5.498,0.3491,-1.273,3.426,3.246,7.044,-0.5985,10.2,0.6,0.6,0.6877,0.03046,0.01589,0.9801,0.1333,0.09669,0.2013,0.951,0.232,0.1595,0.9616,0.001325,0.0106,1,57,8,0.07947,1,0.8958,0.02228,0.9408,0.8493,0,1,1,1,0.04722,0,0,101.3,0.4799,0.3519,0.03304,0.03304,0,7,60,60,0.01732,0.25,0.2626,1,0.04762,0.1111,1.043,1.043,0.1992,0.1992,0.2078,0.2078,0,1,1,120,120,0,755,0,0,0,30.12,1.155,0.1759,0,0,0,0.6736,0.9181,1.155,0,0.2025,0,0.1461,0.07433,0.005656,0.1208,0.2303,0.1595,0.1431,0.01887,0.1844,0.1534,0.08406,0.001715,0,0,0,0,0,0,0,0,0,0
C:\Users\Sui Wei En\Downloads\Combined_abc\chopin18_c.mid,Chopin,18,c,63,2.131,9.477,9.477,0,0.3966,0,19.18,2.24,0.2006,1,1.447,1.668,0,0.02239,0.1795,0.1795,0.1434,0,0.3969,0.1207,0.1158,0.1158,0.02239,0,0,0,0,1,0.02198,0.5536,2,2,0,4,0,22.33,0,0,57,9,0.005464,1.333,1.333,0.2295,0.2131,0,0.5574,120,5,12,36,0,1,1,2,0,1,1,1,8.353,1,63,4.705,0.3784,0.02277,5.083,120,1,1,0,3,0,0.2155,0.03448,0.1379,0.1293,5.64,0.0431,0.1293,0.1034,0.008621,1,0.005464,0.125,1.4,0.3333,7,60,0,0.25,0,0.1868,8.194,2.942,4.097,1.503,4.097,3,1,0,1,5,26,26,12,1,54,24,24,0,0,0,0,0,0,0.3,0.1,0.7473,0.02239,0.4291,4.7,4.549,-0.2395,-1.18,3.696,4.085,6.056,0.01488,13.22,0.1667,0.1667,0.4834,0.02186,0.02732,0.2186,0.1379,0.06011,0.2077,0.7814,0.2476,0.1197,0.929,0,0.7814,1,70,5,0.3443,1,0.9375,0.1888,0.5789,0.9091,0,1,1,1,0.03448,0.2917,0.2917,18.51,1.096,0.3515,0.01427,0.01427,0,2,120,120,0,0.25,0.7,1,0.06593,0.1638,1.173,1.173,0.05329,0.05329,0.06251,0.06251,0,1,2,160,160,0,183,0,0,0,5.358,0,0.1725,0,0,0,0.6845,0.8998,0,0.03724,0.1434,0,0.3951,0.08588,0.07504,0.07061,0.2354,0.09947,0.08202,0.02269,0.1096,0.1781,0.06577,0.01222,0,0,0,0,0,0,0,0,0,0
C:\Users\Sui Wei En\Downloads\Combined_abc\chopin19_c.mid,Chopin,19,c,63,0.5614,6.972,6.972,0,0.5368,0,5.879,2.086,0.1739,1,1.029,1.043,0,0.007177,0.1683,0.1683,0.02331,0,0.472,0.2206,0.2527,0.2527,0.007177,0,0,0,0,3,0,0.4932,1,1,0,3,0,69.67,0,0,58,10,0.00241,1.333,1.333,0.1301,0.2892,0,0.5807,120,7,5,67,7,1,1,1,0,0.5,1,1,2.076,1,66,5.617,0.2663,0.08153,103.8,120,1,1,0.08333,203,0,0.002451,0,0.01961,0.06373,3.793,0.004902,0.01961,0.2279,0.01471,1,0.00241,0.1667,1.906,0,0,58,10,0.25,4,0,5.957,0.1254,2.978,0.1048,2.978,4,0,1,1,2,8,8,12,1,42,8,8,8,8,0,0,0,0,0,0,0,0.007177,0.3333,4.781,4.702,0.5447,-1.136,3.397,3.888,5.266,0.8796,11.1,0.375,0.375,0.9252,0,0,0.02169,0.2843,0.106,0.1976,0.9783,0.1903,0.176,0.9783,0,0.9783,1,45,3,0.159,1,0.7759,0.02217,0.8049,0.7045,0,1,1,1,0.2843,0,0,47.69,0.4461,0.1094,0.02725,0.02725,0,5,90,90,0,0.25,0,1,1,0.3627,1.005,1.005,0.126,0.126,0.1266,0.1266,0,1,2,120,120,0,415,0,0,0,114.6,0,0.04861,0,0,0,0.2387,0.3581,0,0.01215,0.02331,0,0,0.01446,0,0.01446,0.1573,0,0.176,0,0.3333,0.3333,0,0,0,0,0,0,0,0,0,0,0,0
C:\Users\Sui Wei En\Downloads\Combined_abc\chopin1_c.mid,Chopin,1,c,6.4,0.018233618,2.029266997,1.014633498,0,0.5104,0,10.81,1.483,0.155,1,1.238,1.257,0,0.03141,0.1592,0.1592,0.06946,0,0.3543,0.08333,0.2029,0.2029,0.03141,0,0,0,0.3333,2,0,0.5465,1,3,0,5,0,15.92,0,0,69,9,0.008,2,2,0.2,0.16,0,0.64,120,7,5,48,0,1,1,0.75,0,0.375,1,1,6.583,1,62,5.064,0.294,0.02667,5.435,120,1,1,0,1,0.016,0.125,0.08333,0.0625,0.09375,5.69,0.07292,0.09375,0.1458,0,1,0.008,0.125,13,0,2,69,0,0.25,7,0,7.853,4.374,3.927,1.121,3.927,4,1,1,1,2,16,16,11,1,33,12,12,1,1,0,0.3333,0,0,0,0,1,0.03141,0.4632,4.888,7.67,0.05428,0.9809,3.537,3.059,6.15,-0.3963,11.57,0.25,0.25,0.913,0.088,0,0.088,0.1354,0.104,0.2,0.912,0.2421,0.2211,0.912,0,0.912,1,53,2,0.496,1,1,0.09649,0.96,0.7692,0,1,1,1,0.1042,0.08333,0.08333,12.92,0.9282,0.1422,0.0191,0.0191,0,4,60,60,0,0.25,0.3333,1,0,0.2188,1.054,1.054,0.09878,0.09878,0.1041,0.1041,0,1,2,120,120,0,125,0,0,0,15.66,0,0.06207,0,0,0,0.4258,0.4368,0,0.03903,0.06946,0,0.1047,0.05676,0.03158,0.02432,0.07368,0.2421,0.1474,0.06316,0.1263,0.3158,0,0,0,0,0,0,0,0,0,0,0,0
C:\Users\Sui Wei En\Downloads\Combined_abc\chopin20_c.mid,Chopin,20,c,10.66666667,0.102564103,4.630630091,2.315315046,0,0.6286,0,35.75,8.25,0.461,1,1.852,2.68,0,0.0303,0.4428,0.4428,0.1226,0,0.9142,0,0.4348,0.4348,0.0303,0,0,0,0.03333,1,0.04918,0.9394,2,5,0.06557,4,0,16.5,0,0,55,7,0.01075,2,2,0.3548,0.04301,0,0.6022,120,7,2,31,7,1,1,1,0,0.5,1,1,9.286,1,55,4.925,0.922,0,5.812,120,1,1,0,4,0.05376,0.1714,0.02857,0.1143,0.02857,4.746,0.2286,0.1714,0.1714,0.02857,1,0.01075,0.125,1,0.4211,9,60,7,1,0,0.1639,5.636,1.897,2.818,1.647,2.818,4,0,0,2,3,8,8,11,1,32,5,5,3,3,0,0.2,0,0.03333,0.6333,0.5333,0.3279,0.0303,0.5251,5.13,4.564,-0.06715,-0.05599,3.363,4.033,5.922,-0.9635,12.09,0.4,0.4,0.4623,0.1505,0,0.9462,0.1429,0.08602,0.1935,0.7957,0.3127,0.1445,0.05376,0,0.05376,1,51,3,0.5914,1,0.8,0.1892,0.8333,0.875,0,1,1,1,0.05714,0,0,13.52,-1.269,0.1842,0.03127,0.03127,0,5,120,120,0.06557,0.25,0.1333,1,0.4426,0,1.037,1.037,0.2134,0.2134,0.2213,0.2213,0,1,2,60,60,0,93,0,0,0,9.079,0,0.09211,0,0,0,0.9929,0.8921,0,0,0.1226,0,0.1078,0.2891,0,0.1953,0.3127,0.06785,0.1445,0.00885,0.1652,0.2124,0.04425,0,0,0,0,0,0,0,0,0,0,0
C:\Users\Sui Wei En\Downloads\Combined_abc\chopin21_c.mid,Chopin,21,c,10.66666667,0.058850575,4.607381058,2.303690529,0,0.4398,0,16.75,1.783,0.3455,1,1.626,1.836,0,0.009153,0.317,0.317,0.2378,0,0.6807,0.03012,0.407,0.407,0.009153,0,0,0,0.2647,2,0.008439,0.7073,3,3,0,3,0,54.62,0,0,75,3,0.003472,2,2,0.3125,0.1771,0,0.5104,120,5,4,34,10,1,1,3,0,1.5,1,1,9.325,1,60,5.66,0.6918,0.0008681,10.29,120,1,1,0,3,0.003472,0.2229,0.08434,0.06024,0.09639,5.03,0.09639,0.1325,0.1446,0.03614,1,0.003472,0.125,1,0.1429,5,58,10,0.5,0,0.008439,5.272,2.159,2.636,1.132,2.636,1,0,0,1,5,7,7,12,1,49,5,5,5,5,0,0,0,0,0.08824,0.07353,0.8565,0.009153,0.3688,4.835,5.088,0.5917,-0.1148,3.345,3.447,5.866,0.1019,12.06,0.6,0.6,0.8696,0.04514,0.06944,0.9306,0.09639,0.08333,0.1806,0.809,0.1864,0.1621,0.8333,0,0.02431,1,58,6,0.2083,1,0.875,0.1202,0.7885,0.6667,0,1,1,1,0.01205,0,0,16.02,1.006,0.5718,0.03323,0.03323,0,3,60,60,0,0.25,0.6471,1,0.135,0.1145,1.08,1.08,0.1957,0.1957,0.2114,0.2114,0,1,2,120,120,0,288,0,0,0,25.03,0,0.2842,0,0,0,0.6255,0.8588,0,0.01473,0.2378,0,0.1639,0.1339,0,0.1848,0.1844,0.08511,0.09726,0.01621,0.2107,0.2796,0.1216,0.002026,0,0,0,0,0,0,0,0,0,0
C:\Users\Sui Wei En\Downloads\Combined_abc\chopin22_c.mid,Chopin,22,c,44,0.586,3.726,3.726,0,0.4656,0,20.93,2.884,0.3791,1,1.338,1.646,0,0.04348,0.3854,0.3854,0.1788,0,0.8249,0.09924,0.4117,0.4117,0.04348,0,0,0,0,2,0,0.7742,1,3,0,3,0,51.75,0,0,66,6,0.004651,2,2,0.3907,0.1395,0,0.4698,120,7,12,43,7,1,1,2,0,1,1,0.6429,7.183,0.6429,57,4.809,0.7581,0,5.244,120,0.5,0.5,0,2,0.07442,0.1527,0.05344,0.0916,0.0916,5.273,0.1069,0.0687,0.1298,0.0458,1,0.004651,0.125,2.4,12,2,60,0,0.5,0,0,4.155,1.406,2.077,0.8223,2.077,5,0,0,2,5,8,8,12,1,44,5,5,5,5,0,0.03571,0,0,0.6964,0.5893,0.8926,0.04348,0.5472,4.621,4.514,-0.1589,-0.06078,3.6,3.903,5.305,-0.5185,12.86,0.6,0.6,0.4598,0.07907,0.02791,0.9535,0.1069,0.07907,0.1674,0.5488,0.4038,0.1857,0.5953,0,0.04651,1,57,5,0.2651,1,0.9286,0.5424,0.8056,0.6471,0,1,1,1,0.05344,0,0,7.304,1.978,0.3915,0.03284,0.03284,0,3,60,60,0,0.25,0.2679,1,0.1074,0.2061,1.034,1.034,0.2024,0.2024,0.2093,0.2093,0,1,3,120,120,0,215,0,0,0,7.526,0.244,0.1957,0,0,0,0.5381,0.6899,0.244,0,0.1788,0,0.06229,0.1237,0,0.1439,0.4038,0.0619,0.08144,0.01955,0.04886,0.3453,0.006515,0,0,0,0,0,0,0,0,0,0,0
C:\Users\Sui Wei En\Downloads\Combined_abc\chopin23_c.mid,Chopin,23,c,0,0,4.41E-13,2.20E-13,0,0.5613,0,12.82,1.417,0.1822,1,1.14,1.14,0,0.01818,0.1733,0.1733,0.191,0,0.4153,0.04516,0.2009,0.2009,0.01818,0,0,0,0,1,0,0.5411,5,3,0,3,0,27.5,0,0,65,5,0.005917,1.25,1.25,0.1065,0.426,0,0.4675,120,9,9,48,0,1,1,4,0,2,1,1,8.69,1,70,4.911,0.3609,0.003452,5.633,120,1,1,0,2,0.01183,0.1871,0.1226,0.1548,0.09677,6.419,0.07742,0.1742,0.04516,0.006452,1,0.005917,0.125,0.1667,0,7,60,0,0.25,7,0.04688,6.145,2.107,3.073,1.082,3.073,4,2,0,1,5,10,10,10,1,35,10,10,1,1,0,0,0,0,0,0,0.5781,0.01818,0.3559,4.784,5.335,-0.07409,0.6155,3.594,4.125,5.644,0.2158,13.16,0.2,0.2,0.5714,0,0.02959,0.1538,0.1548,0.08876,0.2544,0.8402,0.3559,0.2034,0.9408,0,0.8402,1,65,7,0.4142,1,0.7917,0.1197,0.7907,0.8667,0,1,1,1,0.05806,0,0,48.26,0.8137,0.409,0.02338,0.02338,0,4,120,120,0,0.25,0,1,0.375,0.07742,1.036,1.036,0.09864,0.09864,0.1022,0.1022,0,1,2,96,96,0,169,0,0,0,20.7,0,0.2042,0,0,0,0.4517,0.4517,0,0.01665,0.191,0,0.2688,0.03704,0.07627,0.00463,0,0.3559,0,0,0.2034,0.2288,0.07627,0,0,0,0,0,0,0,0,0,0,0
C:\Users\Sui Wei En\Downloads\Combined_abc\chopin24_c.mid,Chopin,24,c,63,1.306,5.86,5.86,0,0.7525,0,19.4,1.929,0.2215,1,1.065,1.157,0,0.03876,0.2115,0.2115,0.1969,0,0.623,0.02007,0.2447,0.2447,0.03876,0,0,0,0,1,0,0.5184,12,8,0,6,0,64.5,0,0,62,2,0.003086,2,2,0.6605,0.08642,0,0.2531,120,7,5,26,2,2,2,4,0,1.75,1,1.25,8.318,1.25,50,5.265,0.4475,0.00463,2.266,120,1.5,1.5,0,1,0.0216,0.214,0.1639,0.09699,0.0301,4.148,0.04348,0.06355,0.1371,0.01672,1,0.003086,0.125,0.7083,0,0,38,9,0.25,0,0,5.023,2.055,2.512,1.215,2.512,3,1,1,2,8,10,10,12,1,54,10,10,3,3,0,0.1429,0,0,0.6429,0.6429,0.8571,0.03876,0.6187,4.69,5.345,0.2376,1.133,3.351,3.546,6.294,0.1321,14.44,0.3,0.3,0.2129,0.06481,0.01852,0.3426,0.1806,0.09568,0.2191,0.642,0.5182,0.1103,0.8735,0,0.642,1,74,7,0.1543,1,0.9074,0.3606,0.831,0.871,0,1,1,1,0.1806,0,0,29.63,1.315,0.4507,0.0244,0.0244,0,8,40,40,0,0.25,0.2143,1,0.1429,0.05351,1.107,1.107,0.1161,0.1161,0.1285,0.1285,0,1,2,80,80,0,324,0,0,0,1.653,0.6455,0.2113,0,0,0,0.2766,0.4158,0.6455,0.04796,0.1969,0,0.09953,0.008065,0.02012,0.0121,0.5182,0.09052,0.01006,0,0.1565,0.1342,0,0,0,0,0,0,0,0,0,0,0,0
C:\Users\Sui Wei En\Downloads\Combined_abc\chopin2_c.mid,Chopin,2,c,4.266666667,0.049042146,1.883513934,0.941756967,0,0.5,0,16.39,3.389,0.3311,1,1.485,1.557,0,0.0202,0.3632,0.3632,0.3671,0,0.7697,0.2031,0.4011,0.4011,0.0202,0,0,0,0.02174,2,0,0.8525,14,2,0,5,0,24.75,0,0,62,2,0.008772,1.5,1.5,0.6667,0,0,0.3333,120,9,7,40,4,1,1,4,0,2,1,1,7.547,1,51,5.842,0.6623,0,6.706,120,1,1,0,1,0.01754,0.3281,0.04688,0.07812,0.01562,3.362,0,0.03125,0.1406,0,1,0.008772,0.125,0.5,0,1,47,2,0.5,7,0,4.606,3.097,2.303,1.851,2.303,5,0,1,1,8,5,5,12,1,27,5,5,5,5,0,0,0,0,0.1522,0,0.9556,0.0202,0.4464,4.986,6.087,-0.1394,0.267,3.399,2.957,5.594,0.07999,7.896,0.6,0.6,0.6875,0.02632,0.0614,0.9474,0.2031,0.09649,0.1491,0.8509,0.2857,0.1964,0.8772,0,0.02632,1,33,7,0.4474,1,0.6154,0.05155,1,0.8182,0,1,1,1,0.04688,0,0,25.64,0.8261,0.5893,0.03415,0.03415,0,9,80,80,0,0.25,0.8261,1,0.04444,0.3125,1.05,1.05,0.1956,0.1956,0.2055,0.2055,0,1,2,120,120,0,114,0,0,0,21.99,0,0.2947,0,0,0,0.5394,0.5367,0,0,0.3671,0,0.1915,0.01031,0,0.03093,0.125,0.2857,0.03571,0.1071,0.3214,0.07143,0.05357,0,0,0,0,0,0,0,0,0,0,0
C:\Users\Sui Wei En\Downloads\Combined_abc\chopin3_c.mid,Chopin,3,c,0,0,5.05E-13,2.52E-13,0,0.1171,0,9.646,1.614,0.3229,1,1.484,1.548,0,0.01064,0.2219,0.2219,0.3912,0,0.4558,0,0.2077,0.2077,0.01064,0,0,0,0,7,0,0.5171,3,4,0,5,0,47,0,0,72,0,0.004484,1.333,1.333,0.3229,0.0852,0,0.5919,120,5,7,43,7,1,1,4,0,2,1,1,6.112,1,58,5.861,0.6581,0.01233,11.74,120,1,1,0,2,0.008969,0.09756,0.009756,0.03415,0.4341,6.237,0.03902,0.1171,0.02927,0.004878,1,0.004484,0.125,1,0,5,57,2,0.25,9,0.2885,4.745,3.104,2.372,1.527,2.372,3,0,4,1,3,10,10,9,1,30,10,10,6,6,0,0.3333,0,0,0,0,0.4135,0.01064,0.2567,4.806,8.605,-0.9569,-0.2758,3.571,1.951,7.376,0.4266,9.714,0.3,0.3,0.8571,0,0.1256,0.03139,0.4341,0.1345,0.1973,0.8744,0.1881,0.1612,0.8744,0,0.8744,1,62,7,0.2601,1,0.5393,0.1077,0.9773,0.8667,0,1,1,1,0,0,0,10.76,1.091,1.122,0.02422,0.02422,0,5,120,120,0,0.25,0.6667,1,0.2981,0.2341,1.011,1.011,0.1033,0.1033,0.1044,0.1044,0,1,2,160,160,0,223,0,0,0,37.41,0,0.5441,0,0,0,0.8596,0.9757,0,0.05426,0.3912,0,0.2934,0.129,0,0.08333,0.07164,0.02388,0.1612,0.04478,0.2806,0.2358,0.08955,0,0,0,0,0,0,0,0,0,0,0
C:\Users\Sui Wei En\Downloads\Combined_abc\chopin4_c.mid,Chopin,4,c,8.533333333,0.065211063,2.161320126,1.080660063,0,0.3294,0,8.5,6.667,0.3022,1,1.936,2.001,0,0.01602,0.3553,0.3553,0.3096,0,0.9305,0.03529,0.4041,0.4041,0.01602,0,0,0,0.03125,2,0.1475,0.8625,1,1,0,4,0,31.21,0,0,71,11,0.004878,1.5,1.5,0.4244,0.01951,0,0.5561,120,7,5,28,4,1,1,3,0,1.5,1,1,7.435,1,56,5.571,0.6037,0.000813,8.913,120,1,1,0,1,0.009756,0.04706,0.01176,0.04706,0.04706,2.785,0.1647,0.4353,0.03529,0.03529,1,0.004878,0.125,0,7,9,52,4,0.5,5,0.4918,6.569,5.179,3.284,2.595,3.284,3,1,2,1,6,5,5,12,1,30,5,5,5,5,0,0.6458,0,0,0.1354,0,0.1148,0.01602,0.2819,4.981,6.211,0.4792,0.0523,3.573,2.798,7.579,0.2707,7.46,0.6,0.6,0.9677,0.02927,0.02927,0.9561,0.3059,0.1317,0.2146,0.8683,0.1649,0.1596,0.8878,0,0.01951,1,56,6,0.2732,1,0.4231,0.08989,0.7045,0.8519,0,1,1,1,0.05882,0,0,31.07,0.7443,0.4178,0.03424,0.03424,0,4,80,80,0,0.25,0.1875,1,0.3934,0.1176,1.033,1.033,0.1988,0.1988,0.2054,0.2054,0,1,2,120,120,0,205,0,0,0,35.13,0,0.2086,0,0,0,0.969,0.9959,0,0.008211,0.3096,0,0.3056,0.2442,0,0.1628,0.04255,0.06383,0.1649,0.09043,0.2074,0.2766,0.1223,0.01064,0,0,0,0,0,0,0,0,0,0
C:\Users\Sui Wei En\Downloads\Combined_abc\chopin5_c.mid,Chopin,5,c,19,2.295,4.542,4.542,0,0.5556,0,11.69,1.613,0.125,1,1.021,1.028,0,0.02685,0.125,0.125,1.114e-16,0,0.2876,0.04861,0.2061,0.2061,0.02685,0,0,0,0,1,0,0.5504,4,4,0,5,0,18.62,0,0,61,1,0.006711,1.333,1.333,0.2617,0.1544,0,0.5839,120,2,10,45,9,1,1,0.25,0,0.125,1,1,6.653,1,61,6.342,0.25,0,149,120,1,1,0,149,0,0.02778,0.02778,0.1736,0.09722,3.424,0.2014,0.1458,0.04167,0.09028,1,0.006711,0.125,0,0,7,61,9,0.25,4,0,8,0.3686,4,0.2064,4,7,0,2,1,1,10,10,11,1,27,10,10,5,5,0,0,0,0,0,0,0.5,0.02685,0.3333,5.013,6.204,-0.5775,0.6301,3.417,2.524,5.437,0.1229,10.49,0.3,0.3,0.5,0,0,0,0.1736,0.09396,0.1946,1,0.3333,0.1667,1,0,1,1,44,0,0.4094,1,0.64,0,0.7586,1,0,1,1,1,0.1042,0,0,0,0,0,0.02422,0.02422,0,0,120,120,0,0.25,0,1,0.5,0.09028,1.011,1.011,0.1025,0.1025,0.1036,0.1036,0,1,3,160,160,0,149,0,0,0,0,0,3.342e-16,0,0,0,0.1845,0.2333,0,0,1.114e-16,0,0,0.01379,0,0,0.1667,0.1667,0,0,0.3333,0.3333,0,0,0,0,0,0,0,0,0,0,0,0
C:\Users\Sui Wei En\Downloads\Combined_abc\chopin6_c.mid,Chopin,6,c,4.266666667,0.01300813,0.835303131,0.417651565,0,0.6579,0,15.76,2.759,0.3758,1,1.442,1.442,0,0.01231,0.3475,0.3475,0.1774,0,1.198,0.04386,0.5039,0.5039,0.01231,0,0,0,0.1875,2,0.01439,0.6625,5,1,0,3,0,40.62,0,0,71,11,0.006494,2,2,0.1818,0.08442,0,0.7338,120,4,1,47,11,1,1,2,0,1,1,1,4.14,1,62,4.903,0.7516,0,4.812,120,1,1,0,1,0.006494,0.05263,0.05263,0.03509,0.1579,2.837,0.01754,0.008772,0.2281,0.05263,1,0.006494,0.125,0.7333,0,0,67,2,1,5,0.02158,3.791,1.455,1.895,0.7155,1.895,4,2,4,3,6,10,10,10,1,25,3,3,3,3,0,0.5,0,0,0.1875,0,0.9784,0.01231,0.2897,5.353,4.995,-1.037,-0.1931,3.174,2.32,7.417,-0.8843,7.996,1,1,0.9048,0.02597,0.006494,0.8312,0.2982,0.1688,0.2597,0.526,0.2897,0.2621,0.4416,0,0.1688,1,41,5,0.4026,1,0.5294,0.5185,0.8,0.9615,0,1,1,1,0.2982,0,0,5.934,-2.207,0.3376,0.03416,0.03416,0,4,60,60,0,0.25,0.125,1,0,0.09649,1.063,1.063,0.2442,0.2442,0.2597,0.2597,0,1,2,120,120,0,154,0,0,0,13.52,0,0.1688,0,0,0,0.5151,0.5151,0,0,0.1774,0,0.2719,0.1184,0,0.09969,0,0,0.2897,0.006897,0.01379,0.4828,0.2069,0,0,0,0,0,0,0,0,0,0,0
C:\Users\Sui Wei En\Downloads\Combined_abc\chopin7_c.mid,Chopin,7,c,0,0,7.16E-14,3.58E-14,0,0.2857,0,19.53,1.867,0.6318,1,1.833,2.106,0,0.02941,0.5714,0.5714,0.3181,0,1.269,0.1071,0.5538,0.5538,0.02941,0,0,0,0.1,2,0.186,0.7143,11,7,0,4,0,17,0,0,74,2,0.01818,1.111,1.111,0.1636,0.2727,0,0.5636,120,5,12,52,4,1,1,2,0,1,1,1,11.86,1,64,5.527,1.273,0.009091,2.5,120,1,1,0,2,0.1273,0.3929,0.1429,0.03571,0,3.912,0,0.1071,0.1071,0,1,0.01818,0.125,0,0,12,52,4,1,0,0.2791,3.235,0.25,1.618,0.5548,1.618,4,1,3,2,4,6,6,8,1,20,4,4,4,4,0,0.4,0,0.1,0.2,0,0.7209,0.02941,0.4516,4.892,5.929,1.29,0.9947,3.553,1.974,7.394,0.181,10.85,0.5,0.5,0.8889,0.03636,0.3636,0.8545,0.1429,0.1091,0.2727,0.4545,0.1935,0.172,0.1455,0,0.1455,1,52,5,1.164,1,0.75,0.8,0.6667,1,0,1,1,1,0,0,0,5.175,1.315,0.6223,0.03697,0.03697,0,7,54,54,0,0.25,0.3,1,0,0.2143,1.4,1.4,0.2308,0.2308,0.3231,0.3231,0,1,2,60,60,0,55,0,0,0,1.371,0,0.3103,0,0,0,0.7089,0.6991,0,0.04723,0.3181,0,0.24,0.0303,0,0.2197,0.1935,0.172,0.08602,0.08602,0.1774,0.1774,0.1075,0,0,0,0,0,0,0,0,0,0,0
C:\Users\Sui Wei En\Downloads\Combined_abc\chopin8_c.mid,Chopin,8,c,10.66666667,0.023503997,3.881901943,1.940950972,0,0.4974,0,12.81,3.282,0.1669,1,1.509,1.704,0,0.007344,0.1699,0.1699,0.08883,0,0.4416,0.06995,0.2267,0.2267,0.007344,0,0,0,0.3051,2,0,0.5485,1,8,0,3,0,68.08,0,0,66,6,0.001449,2,2,0.1551,0.2667,0,0.5783,120,5,12,42,6,1,1,4,0,2,1,1,6.412,1,65,5.481,0.3029,0.03092,7.582,120,1,1,0,1,0.06232,0.0829,0.07254,0.0829,0.09067,4.221,0.0829,0.171,0.1606,0.03368,1,0.001449,0.125,0.7714,0,4,61,1,0.25,0,0.01474,10.13,5.286,5.067,2.782,5.067,3,0,0,1,5,14,14,12,1,49,14,14,3,3,0,0.161,0,0,0.2669,0.1102,0.9853,0.007344,0.4143,4.682,5.228,-0.4455,0.07352,3.494,2.957,5.769,-0.1319,10.22,0.2143,0.2143,0.519,0.06232,0.007246,0.07101,0.09067,0.07681,0.1812,0.9261,0.2683,0.1392,0.9261,0,0.9261,1,51,7,0.0942,1,1,0.06729,0.696,0.717,0,1,1,1,0.06477,0.07143,0.07143,124.9,0.6024,0.2634,0.02077,0.02077,0,8,60,60,0,0.25,0.2669,1,0,0.158,1.014,1.014,0.1125,0.1125,0.1142,0.1142,0,1,2,120,120,0,690,0,0,0,44.22,0,0.1301,0,0,0,0.5145,0.5027,0,0.04029,0.08883,0,0.1887,0.02219,0.005093,0.09803,0.2683,0.0781,0.06791,0.03735,0.2615,0.1655,0.06791,0,0,0,0,0,0,0,0,0,0,0
C:\Users\Sui Wei En\Downloads\Combined_abc\chopin9_c.mid,Chopin,9,c,8.533333333,0.145454546,3.549738466,1.774869233,0,0.5128,0,13.97,2,0.2796,1,1.345,1.496,0,0.02113,0.2841,0.2841,0.1861,0,0.5864,0,0.2094,0.2094,0.02113,0,0,0,0,3,0.02857,0.5513,4,3,0,4,0,23.67,0,0,47,11,0.008065,3,3,0.5081,0,0,0.4919,120,7,5,28,4,1,1,2,0,1,1,1,7.077,1,52,6.274,0.504,0.05511,3.1,120,1,1,0.08333,2,0.02419,0.02564,0.1026,0.1154,0.1282,4.662,0.0641,0.2692,0.2179,0.03846,1,0.008065,0.125,0.7,0,8,59,11,0.25,0,0.05714,5.239,2.212,2.62,0.9534,2.62,6,0,1,2,4,16,16,12,1,33,13,13,2,2,0,0,0,0,1,1,0.6286,0.02113,0.4681,5.005,5.447,0.2371,0.3017,3.47,3.048,6.814,-0.5081,8.667,0.3077,0.3077,1,0.07258,0.04839,0.2984,0.1538,0.1129,0.1935,0.7016,0.2234,0.2234,0.7016,0,0.7016,1,37,5,0.4194,1,0.8333,0.2529,0.6667,0.7857,0,1,1,1,0,0.07692,0.07692,9.642,1.69,0.4508,0.01997,0.01997,0,3,180,180,0,0.25,0,1,0.3143,0.03846,1.068,1.068,0.1013,0.1013,0.1082,0.1082,0,1,1,60,60,0,124,0,0,0,2.274,0,0.2101,0,0,0,0.6427,0.7808,0,0.0396,0.1861,0,0.02174,0.1079,0,0.1511,0.2234,0.06383,0.1809,0.01064,0.1277,0.383,0.01064,0,0,0,0,0,0,0,0,0,0,0
C:\Users\Sui Wei En\Downloads\Combined_abc\shostakovich10_c.mid,Shostakovich,10,c,66,2.072,11.9,11.9,0,0.3274,0,10.47,1.894,0.4453,1,1.492,1.546,0,0.01307,0.3318,0.3318,0.4571,0,0.7511,0.1211,0.2854,0.2854,0.01307,0,0,0,0.1,5,0,0.4365,3,1,0,3,0,76.5,0,0,68,8,0.003802,2,2,0.346,0.327,0,0.327,120,7,16,37,1,1,1,4,0,2.125,1,0.4,4.996,0.4,62,5.669,0.8783,0.01616,4.175,120,0.25,0.25,0,2,0.01141,0.04933,0.004484,0.04036,0.2377,3.703,0.04484,0.0583,0.1211,0.05381,1,0.003802,0.125,1.7,0.8,5,52,1,0.25,5,0,3.438,1.247,1.719,0.8646,1.719,4,0,0,2,6,10,10,12,1,62,10,10,4,4,0,0,0,0,0.4,0,0.68,0.01307,0.464,4.752,5.333,-0.2899,-0.2575,3.423,2.525,5.32,-0.00391,17.5,0.3,0.3,0.6102,0.01901,0.2433,0.2586,0.2377,0.04563,0.1597,0.6692,0.3025,0.1846,0.6692,0,0.6692,1,77,7,0.2357,1,0.6415,0.2557,0.9762,0.8333,0,1,1,1,0.1166,0,0,8.151,1.772,1.064,0.02501,0.02501,0,4,60,60,0,0.25,0.5,1,0.32,0.2735,1.005,1.005,0.1424,0.1424,0.1431,0.1431,0,1,2,120,120,0,263,0,0,0,5.455,0.3354,0.542,0,0,0,0.6988,0.8686,0.3354,0.06159,0.4571,0,0.02775,0.1391,0,0.1076,0.05006,0.1057,0.3025,0,0.1498,0.3591,0.027,0.005709,0,0,0,0,0,0,0,0,0,0
C:\Users\Sui Wei En\Downloads\Combined_abc\shostakovich11_c.mid,Shostakovich,11,c,51,1.744,8.189,8.189,0,0.4589,0,10.24,1.787,0.3512,1,1.18,1.216,0,0.0102,0.3253,0.3253,0.5979,0,0.7238,0.06849,0.2455,0.2455,0.0102,0,0,0,0,5,0,0.5597,2,3,0,3,0,49,0,0,80,8,0.005952,1.333,1.333,0.2679,0.369,0,0.3631,120,5,24,59,11,1,1,12,0,5,1,1,5.466,1,65,5.673,0.7083,0.01786,3.818,120,1,1,0,2,0.0119,0.08219,0.006849,0.137,0.1438,5.833,0.04795,0.03425,0.1781,0.09589,1,0.005952,0.125,0.7333,0,5,78,6,0.25,7,0,3.429,1.904,1.714,1.147,1.714,5,0,0,2,6,10,10,12,1,45,10,10,4,4,0,0,0,0.1538,0.6154,0.4615,1,0.0102,0.6243,5.149,5.964,-0.2882,0.06832,3.407,2.875,5.148,-0.2351,13.29,0.3,0.3,0.5173,0.005952,0.1726,0.2619,0.1438,0.07738,0.1964,0.7262,0.4459,0.2307,0.756,0.0119,0.7262,1,55,10,0.3869,1,0.9524,0.2213,0.7273,0.6923,0,1,1,1,0.08219,0,0,55.05,1.118,1.23,0.02446,0.02446,0,4,120,120,0,0.25,0.3846,1,0,0.1918,1.029,1.029,0.121,0.121,0.1245,0.1245,0,1,2,160,160,0,168,0,0,0,5.222,0,0.5829,0,0,0,0.3845,0.4119,0,0.1721,0.5979,0,0,0.06443,0,0.0232,0.1665,0.4459,0.01189,0,0.01189,0.3639,0,0,0,0,0,0,0,0,0,0,0,0
C:\Users\Sui Wei En\Downloads\Combined_abc\shostakovich12_c.mid,Shostakovich,12,c,74,3.898,11.6,11.6,0,0.3881,0,14.15,2.061,0.6044,1,1.104,1.481,0,0.01594,0.604,0.604,0.36,0,1.318,0.05479,0.4936,0.4936,0.01594,0,0,0,0,2,0,0.5686,3,3,0,7,0,133.3,0,0,59,11,0.003077,2,2,0.56,0.08923,0,0.3508,120,7,2,27,3,1.75,1.75,6,0,3,1,1.417,6.466,1.417,52,5.892,1.27,0.07051,3.385,120,1.5,1.5,0,1,0.01231,0.1553,0.03653,0.06393,0.1553,5.349,0.03196,0.08676,0.1781,0.03653,1,0.003077,0.25,2.9,0,5,37,1,1,0,0,2.438,1.046,1.219,0.5378,1.219,3,1,0,3,8,8,8,9,1,37,5,5,4,4,0,0.0375,0,0,0.925,0.9125,0.9314,0.01594,0.8301,4.61,5.05,-0.08911,0.08673,3.626,1.916,5.002,0.3219,13.88,0.6,0.6,0.1144,0.09538,0.2738,0.9538,0.1553,0.06769,0.2031,0.4769,0.7734,0.08846,0.1908,0.006154,0,1,60,7,0.16,1,0.8529,0.4774,0.7424,0.7727,0,1,1,1,0.06849,0,0,15.36,1.067,0.7589,0.03235,0.03235,0,3,60,60,0,0.5,0.0375,1,0.06863,0.1872,1.264,1.264,0.218,0.218,0.2756,0.2756,0,1,2,120,120,0,325,0,0,0,4.04,0.3819,0.3532,0,0,0,0.3262,0.5202,0.3819,0.1249,0.36,0,0.02557,0.02001,0.009841,0.04098,0.7381,0.01547,0.04129,0,0.01748,0.1274,0.007779,0.03526,0,0,0,0,0,0,0,0,0,0
C:\Users\Sui Wei En\Downloads\Combined_abc\shostakovich13_c.mid,Shostakovich,13,c,54,6.63,13.1,13.1,0,0.5315,0,11.56,1.886,0.4217,1,1.481,1.557,0,0.03778,0.3948,0.3948,0.3904,0,0.9297,0.06294,0.3088,0.3088,0.03778,0,0,0,0.07407,2,0,0.6136,2,3,0,2,0,58.46,0,0,65,5,0.004808,1.5,1.5,0.3269,0.149,0,0.524,120,9,3,66,6,2.25,2.25,6,0,2.5,1,1.104,5.923,1.104,59,5.101,0.857,0.01603,2.337,120,1,1,0,2,0.03365,0.04895,0.06294,0.1748,0.1469,4.538,0.05594,0.0979,0.1469,0.02098,1,0.004808,0.125,1.1,0,7,61,1,0.5,7,0,3.558,0.732,1.779,0.4418,1.779,3,1,1,3,9,10,10,12,1,39,10,10,5,5,0,0.3333,0,0.1481,0.2963,0.1111,0.9907,0.03778,0.5696,4.768,7.306,0.08558,0.5339,3.539,2.459,5.533,-0.3146,10.96,0.3,0.3,0.6996,0.1154,0.09135,0.7067,0.1748,0.09135,0.2596,0.3702,0.2867,0.2006,0.5962,0.004808,0.226,1,52,8,0.2837,1,0.84,0.6753,0.6111,0.8421,0,1,1,1,0.07692,0,0,16.08,1.296,0.8262,0.02571,0.02571,0,4,80,80,0,0.25,0.2963,1,0.009317,0.1678,1.047,1.047,0.1509,0.1509,0.1579,0.1579,0,1,2,120,120,0,208,0,0,0,1.581,0.7917,0.3892,0,0,0,0.5085,0.5313,0.7917,0.09016,0.3904,0,0.1431,0.1133,0,0.03111,0.1204,0.2867,0.1573,0,0.04521,0.26,0.02371,0.005137,0,0,0,0,0,0,0,0,0,0
C:\Users\Sui Wei En\Downloads\Combined_abc\shostakovich14_c.mid,Shostakovich,14,c,80,5.406,18.89,18.89,0,0.8393,0,19.99,1.957,0.2425,1,1.142,1.738,0,0.005091,0.2855,0.2855,0.354,0,2.326,0.03869,0.1066,0.1066,0.005091,0,0,0,0.1026,3,0,0.4725,12,7,0,2,0,98.21,0,0,63,3,0.001292,2.4,2.4,0.6176,0.01292,0,0.3695,120,7,5,27,3,1,1,4,0,2.375,1,1,5.589,1,51,5.888,0.4609,0.03445,12.48,120,1,1,0,2,0.001292,0.05357,0.2946,0.005952,0.005952,1.29,0.02679,0.03274,0.04167,0.008929,1,0.001292,0.125,1.333,0,0,46,3,0.25,0,0,7.881,6.217,3.941,3.319,3.941,2,2,4,1,6,26,26,12,1,38,26,26,0,0,0,0.1538,0,0,0.641,0.641,1,0.005091,0.8565,4.332,8.638,1.714,-0.4609,3.305,2.145,5.561,0.2834,9.397,0.2308,0.2308,0.0427,0.009044,0.06718,0.1331,0.4583,0.1809,0.407,0.8437,0.8033,0.0343,0.8656,0,0.8437,1,51,7,0.06589,1,0.6429,0.07963,0.8762,0.9286,0,1,1,1,0.4583,0.2692,0.2692,21.23,1.003,0.6308,0.01369,0.01369,0,7,60,60,0,0.25,0.1026,1,0,0.07143,1.286,1.286,0.04665,0.04665,0.06,0.06,0,1,2,144,144,0,774,0,0,0,39.15,0,0.3083,0,0,0,0.3491,0.5555,0,0.06937,0.354,0,0.06596,0.01023,0.01129,0.02132,0.6353,0.0343,0.01898,0.02361,0.05651,0.02507,0.01481,0.1679,0,0,0,0,0,0,0,0,0,0
C:\Users\Sui Wei En\Downloads\Combined_abc\shostakovich15_c.mid,Shostakovich,15,c,62,1.913,16.77,16.77,0,0.4485,0,13.3,1.873,0.4202,1,1.187,1.588,0,0.002931,0.416,0.416,0.317,0,1.066,0.1054,0.3553,0.3553,0.002931,0,0,0,0.04032,2,0,0.5056,2,4,0,6,0,170.6,0,0,65,5,0.001555,3,3,0.3095,0.3546,0,0.3359,120,4,28,25,1,1,1,12,0,5,1,1,6.194,1,63,4.882,0.8441,0.003758,3.674,120,1,1,0,2,0.01089,0.1471,0.07108,0.05147,0.1054,3.682,0.03922,0.06127,0.125,0.04412,1,0.001555,0.125,1.684,0,0,77,1,1,0,0.03252,3.769,1.624,1.885,0.8498,1.885,4,0,0,3,8,10,10,12,1,56,8,8,4,4,0,0.01613,0,0.01613,0.7339,0.6694,0.9675,0.002931,0.7142,4.819,6.266,-0.1092,-0.6815,3.248,3.17,5.304,-0.5643,14.88,0.375,0.375,0.1407,0.2379,0.0591,0.9005,0.1324,0.08087,0.182,0.381,0.6322,0.08897,0.3359,0.001555,0.08554,1,67,10,0.09798,1,0.8889,0.6571,0.8889,0.7115,0,1,1,1,0.1324,0,0,170.1,0.4551,0.6202,0.0275,0.0275,0,4,40,40,0,0.25,0.2097,1,0,0.223,1.067,1.067,0.1719,0.1719,0.1834,0.1834,0,1,2,120,120,0,643,0,0,0,4.036,0,0.2831,0,0,0,0.4045,0.6083,0,0.0796,0.317,0,0.03659,0.05879,0.009453,0.06467,0.6322,0.02898,0.05309,0.004727,0.07323,0.1772,0.01639,0,0,0,0,0,0,0,0,0,0,0
C:\Users\Sui Wei En\Downloads\Combined_abc\shostakovich16_c.mid,Shostakovich,16,c,46,3.798,11.58,11.58,0,0.4245,0,7.079,1.55,0.6818,1,1.312,1.354,0,0.03355,0.5738,0.5738,0.8207,0,1.238,0.1061,0.3007,0.3007,0.03355,0,0,0,0,1,0,0.4286,3,2,0,3,0,141.6,0,0,65,5,0.003676,3,3,0.2279,0.1838,0,0.5882,120,5,4,27,3,3,3,12,0,7.5,1,1.583,4.057,1.583,61,4.816,1.319,0.06863,3.358,120,1.5,1.5,0,1,0.02206,0.02041,0.03265,0.07347,0.1347,5.194,0.01633,0.06939,0.1837,0.03265,1,0.003676,0.125,1.647,2.5,2,61,5,0.25,7,0.0129,1.921,1.604,0.9606,0.8285,0.9606,5,0,0,1,10,14,14,12,1,42,7,7,3,3,0,0.1111,0,0,0.1111,0,0.8968,0.03355,0.4806,4.94,5.83,-0.1655,-0.5958,3.332,3.369,6.429,-0.2743,11.02,0.5714,0.5714,0.8107,0.1471,0.2831,0.3676,0.2163,0.08456,0.1728,0.4522,0.2464,0.1998,0.5882,0.04412,0.4522,1,59,10,0.2243,1,0.6226,0.3008,1,0.9565,0,1,1,1,0.1143,0,0,16.76,1.331,1.846,0.02297,0.02297,0,9,120,120,0,0.25,0.7778,1,0.09032,0.3224,1.024,1.024,0.1486,0.1486,0.1521,0.1521,0,1,2,40,40,0,272,0,0,0,7.047,0.801,1,0,0,0,0.5228,0.65,0.801,0.3003,0.8207,0,0.02058,0.04659,0,0.06943,0.1178,0.2464,0.1146,0.008838,0.2392,0.2601,0,0.001721,0,0,0,0,0,0,0,0,0,0
C:\Users\Sui Wei En\Downloads\Combined_abc\shostakovich17_c.mid,Shostakovich,17,c,47,1.228,8.584,8.584,0,0.4147,0,8.386,1.673,0.4228,1,1.052,1.052,0,0.003984,0.4113,0.4113,0.2634,0,0.988,0.0602,0.3799,0.3799,0.003984,0,0,0,0,2,0,0.5273,3,5,0,2,0,125.5,0,0,65,5,0.003215,2,2,0.2122,0.1479,0,0.6399,120,2,2,44,8,1,1,4,0,2,1,1,4.298,1,61,4.585,0.865,0.01929,2.528,120,1,1,0,2,0.006431,0.05017,0.01672,0.0903,0.1505,4.53,0.01672,0.05686,0.1304,0.03344,1,0.003215,0.25,2.9,0,2,63,3,0.5,3,0,2.478,0.9173,1.239,0.4291,1.239,5,1,2,2,7,9,9,12,1,42,5,5,5,5,0,0,0,0,1,0,1,0.003984,0,5.168,5.068,-0.3995,-0.933,3.115,3.908,5.636,-0.3127,10.7,0.6,0.6,0.3882,0.09003,0.119,0.9807,0.2508,0.1961,0.2476,0.5498,0.7204,0.2796,0.5498,0,0,1,48,6,0.1961,1,0.6,0.4444,0.7662,0.6066,0,1,1,1,0.1438,0,0,15.43,1.765,0.6204,0.02978,0.02978,0,8,60,60,0,0.5,0,1,0,0.311,1.248,1.248,0.169,0.169,0.211,0.211,0,1,2,120,120,0,311,0,0,0,2.662,0,0.2897,0,0,0,0.222,0.222,0,0.06682,0.2634,0,0,0,0,0.037,0,0,0,0,0.2796,0.7204,0,0,0,0,0,0,0,0,0,0,0,0
C:\Users\Sui Wei En\Downloads\Combined_abc\shostakovich18_c.mid,Shostakovich,18,c,53,3.075,12.49,12.49,0,0.3246,0,9.529,2.059,0.5655,1,1.346,1.354,0,0.03536,0.5526,0.5526,0.3924,0,1.126,0.2368,0.4175,0.4175,0.03536,0,0,0,0.1154,2,0,0.4571,1,5,0,3,0,63.62,0,0,73,1,0.006803,3,3,0.2789,0.1156,0,0.6054,120,1,1,49,1,3,3,6,0,2.5,1,1.5,4.412,1.5,59,5.048,1.151,0.02041,1.615,120,1,1,0,1,0.08163,0.07018,0.008772,0.04386,0.1053,5.354,0,0.07895,0.1842,0.05263,1,0.006803,0.125,0.9091,0,1,61,1,1,3,0.02532,2.31,0.6982,1.155,0.3798,1.155,4,0,1,3,8,10,10,12,1,43,5,5,3,3,0,0.4615,0,0,0.1923,0,0.9241,0.03536,0.149,4.727,4.999,0.03844,-0.6372,3.717,3.811,6.264,-0.31,11.39,0.6,0.6,0.4336,0.1973,0.2449,0.7687,0.2368,0.09524,0.1565,0.3333,0.4158,0.1803,0.2993,0.006803,0.1565,1,55,8,0.4014,1,0.5926,0.5102,1,0.6429,0,1,1,1,0.07895,0,0,12.38,0.5302,0.8564,0.02973,0.02973,0,8,40,40,0,0.25,0.2308,1,0.05063,0.3772,1.141,1.141,0.195,0.195,0.2226,0.2226,0,1,3,120,120,0,147,0,0,0,1.373,1.323,0.4005,0,0,0,0.5246,0.5422,1.323,0.1075,0.3924,0,0.09352,0.03666,0.01996,0.1548,0.02452,0.07198,0.05245,0,0.2647,0.5009,0.06557,0,0,0,0,0,0,0,0,0,0,0
C:\Users\Sui Wei En\Downloads\Combined_abc\shostakovich19_c.mid,Shostakovich,19,c,77,3.261,18.23,18.23,0,0.4394,0,10.94,1.761,1.266,1,1.334,1.753,0,0.005819,1.113,1.113,1.185,0,2.513,0.09091,0.7138,0.7138,0.005819,0,0,0,0,4,0,0.5339,2,5,0,2,0,150.4,0,0,58,10,0.004831,2,2,0.4831,0.08696,0,0.43,120,4,8,27,3,1,1,12,0,9,1,0.875,5.636,0.875,52,5.382,2.444,0.1051,4.5,120,1,1,0,2,0,0.09848,0.05303,0.06061,0.09848,4.76,0.0303,0.09848,0.1742,0.03788,1,0.004831,0.25,0.7692,0.6667,2,55,3,3,0,0,1.377,0.8613,0.6883,0.4715,0.6883,5,0,0,2,8,5,5,12,1,50,2,2,4,4,0,0.1212,0,0,0.5152,0.4848,0.8235,0.005819,0.7133,4.932,4.595,0.343,-0.3145,3.338,3.686,5.096,-0.4318,14.06,1,1,0.2497,0.942,0.5411,0.4589,0.1515,0.05314,0.1884,0.4444,0.5091,0.1271,0.009662,0.07729,0,1,53,9,0.2512,1,0.7,0.8478,0.7949,0.9091,0,1,1,1,0.1061,0,0,13.5,-0.7933,2.101,0.04516,0.04516,0,5,80,80,0,0.5,0.3636,1,0.1765,0.2424,2.483,2.483,0.2049,0.2049,0.5088,0.5088,0,1,2,40,40,0,207,0,0,0,6.221,0.1768,1.245,0,0,0,0.5683,0.6376,0.1768,0.6189,1.185,0,0.004323,0.09532,0,0.08278,0.5091,0.07705,0.1271,0,0.08506,0.1974,0,0,0,0,0,0,0,0,0,0,0,0
C:\Users\Sui Wei En\Downloads\Combined_abc\shostakovich1_c.mid,Shostakovich,1,c,73,4.059,13.13,13.13,0,0.5405,0,15.14,2.657,0.6184,1,1.987,2.152,0,0.007229,0.6073,0.6073,0.2733,0,1.387,0.0991,0.4115,0.4115,0.007229,0,0,0,0.1667,2,0.03324,0.4086,5,1,0,3,0,69.17,0,0,67,7,0.004184,1.5,1.5,0.1381,0.1632,0,0.6987,120,7,7,48,0,1,1,3,0,1.5,1,1,4.991,1,63,5.172,1.298,0.06137,2.716,120,1,1,0,2,0.01674,0.01802,0.06306,0.1081,0.1351,3.84,0.08108,0.08108,0.1261,0.04505,1,0.004184,0.25,1,0.807,0,67,7,1,3,0.1773,3.455,1.082,1.728,0.5817,1.728,4,0,2,4,6,8,8,12,1,38,5,5,5,5,0,0.4118,0,0,0.1471,0.01961,0.518,0.007229,0.3507,4.874,5.488,0.1411,0.7003,3.646,3.495,5.797,-0.3665,8.871,0.4,0.4,0.7392,0.2259,0.2636,0.9665,0.1622,0.1172,0.1841,0.3724,0.2255,0.1667,0.1715,0,0,1,44,5,0.2636,1,0.8333,0.618,0.9773,0.7857,0,1,1,1,0.1622,0,0,6.207,1.48,0.6044,0.03015,0.03015,0,4,80,80,0.01939,0.5,0.2745,1,0.2853,0.1802,1.394,1.394,0.1719,0.1719,0.2396,0.2396,0,1,2,120,120,0,239,0,0,0,1.422,0,0.2611,0,0,0,0.8352,0.758,0,0.1191,0.2733,0,0.1614,0.253,0.007174,0.3167,0.1191,0.1198,0.1118,0.0301,0.1182,0.3922,0.03968,0,0,0,0,0,0,0,0,0,0,0
C:\Users\Sui Wei En\Downloads\Combined_abc\shostakovich20_c.mid,Shostakovich,20,c,50,6.694,11.61,11.61,0,0.4348,0,8.467,1.627,0.9674,1,1.12,1.252,0,0.02414,0.8894,0.8894,0.9895,0,2.004,0.1014,0.4229,0.4229,0.02414,0,0,0,0,2,0,0.4918,2,8,0,3,0,124.2,0,0,58,10,0.006369,2,2,0.3185,0.2484,0,0.4331,120,3,3,24,0,2,2,12,0,8,1,1.5,4.616,1.5,59,4.618,1.901,0.1099,1.635,120,2,2,0,1,0.05732,0.04348,0.02174,0.08696,0.08696,3.965,0.02174,0.1087,0.1812,0.03623,1,0.006369,0.125,1.778,0,2,75,3,1,0,0.01754,1.264,0.9299,0.6318,0.5464,0.6318,4,1,0,3,9,10,10,12,1,41,3,3,3,3,0,0,0,0,0.2,0.2,0.9825,0.02414,0.6485,4.905,4.419,1.46,-1.694,3.325,4.162,5.109,-0.6747,14.9,1,1,0.2517,0.1274,0.4013,0.6051,0.1957,0.08917,0.2166,0.242,0.4915,0.1237,0.3248,0.04459,0.1465,1,58,10,0.3758,1,0.5926,0.7368,0.7647,0.9286,0,1,1,1,0.1159,0,0,15.42,1.209,2.237,0.02928,0.02928,0,8,60,60,0,0.25,0.8,1,0,0.2971,1.066,1.066,0.2047,0.2047,0.2182,0.2182,0,1,2,120,120,0,157,0,0,0,1.331,0.5774,1.221,0,0,0,0.3308,0.457,0.5774,0.5321,0.9895,0,0.03232,0.01753,0.01623,0.01753,0.4877,0.03619,0.1207,0,0.172,0.1482,0,0.003843,0,0,0,0,0,0,0,0,0,0
C:\Users\Sui Wei En\Downloads\Combined_abc\shostakovich21_c.mid,Shostakovich,21,c,58,1.39,11.11,11.11,0,0.5071,0,9.482,1.847,0.1995,1,1.421,1.564,0,0.009077,0.1943,0.1943,0.1753,0,0.4119,0.1036,0.2377,0.2377,0.009077,0,0,0,0.2637,3,0,0.4625,1,5,0,7,0,55.08,0,0,67,7,0.002336,2,2,0.2547,0.3318,0,0.4136,120,1,1,70,10,1,1,4,0,2,1,1,4.664,1,65,5.596,0.3984,0.0005841,32.92,120,1,1,0,7,0,0.05714,0.01429,0.08214,0.09643,3.416,0.05714,0.02857,0.2536,0.05,1,0.002336,0.125,1.84,0,3,69,10,0.25,0,0.005464,7.77,4.724,3.885,2.182,3.885,5,0,0,2,4,10,10,12,1,58,10,10,3,3,0,0.05495,0,0,0.2527,0,0.9945,0.009077,0.5191,4.76,4.4,-0.351,-0.3284,3.454,4.076,5.331,-0.5354,13.47,0.3,0.3,0.8635,0,0.002336,0.1939,0.1643,0.05374,0.1682,0.8037,0.268,0.2314,0.8154,0,0.8037,1,65,7,0.1519,1,0.9783,0.2267,0.8194,0.9565,0,1,1,1,0.09643,0,0,35.47,1.316,0.3382,0.02369,0.02369,0,5,60,60,0,0.25,0.4286,1,0,0.2643,1.058,1.058,0.1155,0.1155,0.1222,0.1222,0,1,2,120,120,0,428,0,0,0,79.34,0,0.169,0,0,0,0.4984,0.5005,0,0.00696,0.1753,0,0.5938,0.01832,0.1482,0.04122,0.268,0.01962,0.2314,0,0.00407,0.1043,0.00407,0,0,0,0,0,0,0,0,0,0,0
C:\Users\Sui Wei En\Downloads\Combined_abc\shostakovich22_c.mid,Shostakovich,22,c,58,2.394,11.64,11.64,0,0.5042,0,15.36,2.711,0.4116,1,1.508,1.893,0,0.00597,0.3447,0.3447,0.1742,0,0.9249,0.1083,0.5397,0.5397,0.00597,0,0,0,0.08889,2,0,0.5067,1,3,0,2,0,83.75,0,0,79,7,0.002611,2,2,0.4308,0.1958,0,0.3734,120,3,3,39,3,1,1,3,0,1.5,1,1,5.346,1,58,5.906,0.829,0.005875,18.24,120,1,1,0,10,0,0.05,0.1,0.04167,0.0875,3.399,0.008333,0.1167,0.2875,0.025,1,0.002611,0.25,3.059,0,3,43,7,1,0,0.1192,4.573,1.174,2.287,0.6552,2.287,4,1,2,2,4,5,5,12,1,49,5,5,4,4,0,0.3111,0,0.02222,0.4,0.2889,0.8808,0.00597,0.4688,4.851,4.513,-0.9075,-0.101,3.617,3.802,5.008,0.6659,13.56,0.6,0.6,0.6068,0.02611,0.02089,0.9791,0.2167,0.09661,0.2141,0.5509,0.2965,0.1799,0.423,0,0,1,56,5,0.1514,1,0.5192,0.7678,0.7683,0.9459,0,1,1,1,0.0625,0,0,21.52,-1.279,0.401,0.0375,0.0375,0,3,60,60,0,0.5,0.2,1,0,0.2208,1.053,1.053,0.2628,0.2628,0.2769,0.2769,0,1,3,120,120,0,383,0,0,0,23.48,0,0.1857,0,0,0,0.5984,0.9706,0,0.05241,0.1742,0,0.03842,0.07808,0.01752,0.2312,0.2965,0.06764,0.1046,0,0.2538,0.2404,0,0,0,0,0,0,0,0,0,0,0,0
C:\Users\Sui Wei En\Downloads\Combined_abc\shostakovich23_c.mid,Shostakovich,23,c,38,2.729,7.504,7.504,0,0.5034,0,10.71,1.941,0.4123,1,1.237,1.473,0,0.008895,0.3807,0.3807,0.2707,0,0.8314,0.09655,0.3693,0.3693,0.008895,0,0,0,0,2,0,0.4242,2,3,0,3,0,56.21,0,0,79,7,0.005025,2,2,0.3568,0.1206,0,0.5226,120,4,4,48,0,1,1,3,0,1.5,1,1,5.131,1,58,4.905,0.8304,0.01005,2.398,120,1,1,0,2,0.03518,0.06897,0.02069,0.04828,0.05517,5.319,0.07586,0.07586,0.2552,0.06207,1,0.005025,0.125,0.9474,0,2,65,1,1,0,0.0602,3.54,0.888,1.77,0.7087,1.77,4,0,0,3,6,11,11,12,1,47,5,5,4,4,0,0,0,0,0.871,0.6452,0.9398,0.008895,0.5398,4.815,4.671,-0.08498,-0.3912,3.37,3.776,5.332,-0.9658,13.19,0.6,0.6,0.5166,0.05025,0.09548,0.7839,0.1517,0.06533,0.1307,0.3769,0.4819,0.2489,0.4874,0,0.206,1,50,6,0.2915,1,0.8636,0.7467,0.9231,0.9231,0,1,1,1,0.08966,0,0,8.03,-0.9373,0.5428,0.02683,0.02683,0,3,60,60,0,0.25,0.129,1,0,0.2483,1.068,1.068,0.1786,0.1786,0.1907,0.1907,0,1,5,120,120,0,199,0,0,0,2.3,0,0.2629,0,0,0,0.4559,0.5255,0,0.05064,0.2707,0,0.0908,0.05385,0,0.1204,0.4819,0.04787,0.01002,0,0.01892,0.3581,0.03852,0,0,0,0,0,0,0,0,0,0,0
C:\Users\Sui Wei En\Downloads\Combined_abc\shostakovich24_c.mid,Shostakovich,24,c,71,3.879,20.12,20.12,0,0.539,0,11.14,1.969,0.8044,1,1.294,1.686,0,0.01845,0.7544,0.7544,0.5228,0,1.744,0.07092,0.506,0.506,0.01845,0,0,0,0,3,0,0.3968,5,3,0,6,0,108.4,0,0,65,5,0.004484,2,2,0.4484,0.03139,0,0.5202,120,3,8,26,2,3,3,8,0,4.5,1,2,6.95,2,52,5.3,1.602,0.01121,2.208,120,3,3,0,2,0.02242,0.1773,0.07092,0.09929,0.1418,5.582,0.04965,0.02837,0.1773,0.01418,1,0.004484,0.25,0.9231,0.2069,5,65,2,1,0,0.02439,2.058,0.9577,1.029,0.5812,1.029,4,0,1,3,8,5,5,11,1,41,5,5,5,5,0,0.09524,0,0,0.7143,0.7143,0.5122,0.01845,0.6109,4.797,4.573,0.2698,1.449,3.34,4.094,4.998,-0.8608,14.21,0.6,0.6,0.3095,0.3274,0.3498,0.7578,0.1418,0.1076,0.1704,0.3812,0.418,0.1294,0.1704,0.008969,0,1,55,8,0.2332,1,0.75,0.6,0.9474,0.5,0,1,1,1,0.1064,0,0,14.54,1.641,1.101,0.03606,0.03606,0,3,60,60,0.03659,0.5,0.1905,1,0.4268,0.1348,1.29,1.29,0.2209,0.2209,0.2851,0.2851,0,1,2,120,120,0,223,0,0,0,1.645,1.414,0.5768,0,0,0,0.6509,0.7441,1.414,0.1,0.5228,0,0.0153,0.09166,0.007426,0.09401,0.418,0.07269,0.1202,0,0.1261,0.248,0,0,0,0,0,0,0,0,0,0,0,0
C:\Users\Sui Wei En\Downloads\Combined_abc\shostakovich2_c.mid,Shostakovich,2,c,23,1.488,4.533,4.533,0,0.4762,0,8.661,1.949,0.1268,1,1.391,1.391,0,0.02581,0.1275,0.1275,0.03093,0,0.2948,0.09524,0.2045,0.2045,0.02581,0,0,0,0.1053,3,0,0.6087,2,1,0,6,0,19.38,0,0,64,4,0.004831,1.5,1.5,0.1594,0.07246,0,0.7681,120,9,3,41,5,1,1,1,0,0.5,1,1,3.531,1,61,5.29,0.2536,0,69,120,1,1,0,4,0,0.04082,0.02041,0.02721,0.07483,3.766,0.04082,0.04082,0.1633,0.01361,1,0.004831,0.125,1.4,0,2,60,0,0.25,2,0,10.68,1.563,5.342,0.8367,5.342,4,0,2,1,2,10,10,12,1,31,10,10,5,5,0,0.2105,0,0,0.05263,0,1,0.02581,0.1324,4.86,6.222,0.2379,0.6472,3.655,3.224,6.143,-0.1748,8.207,0.3,0.3,0.478,0,0,0.004831,0.2653,0.09662,0.1787,0.9952,0.4262,0.2037,0.9952,0,0.9952,1,39,3,0.2947,1,0.8205,0.004854,0.8108,0.95,0,1,1,1,0.2177,0,0,213.1,0.2085,0.05213,0.02421,0.02421,0,1,120,120,0,0.25,0.6316,1,0,0.3605,1.015,1.015,0.1015,0.1015,0.103,0.103,0,1,2,80,80,0,207,0,0,0,115.2,0,0.02606,0,0,0,0.4879,0.4879,0,0,0.03093,0,1.828,0.01987,0.2037,0.0596,0,0.01655,0.1159,0,0.02009,0.2011,0.01655,0,0,0,0,0,0,0,0,0,0,0
C:\Users\Sui Wei En\Downloads\Combined_abc\shostakovich3_c.mid,Shostakovich,3,c,47,3.806,11.26,11.26,0,0.5,0,33.02,3.024,0.6255,1,1.449,2.078,0,0.0067,0.5226,0.5226,0.4932,0,1.412,0.03623,0.3639,0.3639,0.0067,0,0,0,0,2,0,0.3468,12,6,0,3,0,74.62,0,0,67,7,0.004049,2,2,0.4413,0.1822,0,0.3765,120,5,7,29,5,1,1,4,0,2,1,1,10.08,1,56,4.943,1.251,0,4.117,120,1,1,0,3,0.004049,0.3188,0.1232,0.02174,0.03623,3.15,0.07246,0.05072,0.1304,0.01449,1,0.004049,0.125,1.571,0,12,62,7,0.5,0,0.4615,3.31,1.876,1.655,0.8951,1.655,3,2,0,2,6,10,10,12,1,51,8,8,4,4,0,0.1154,0,0,0.7885,0.7115,0.5385,0.0067,0.4561,5.044,6.504,-0.05101,1.318,3.333,3.106,5.279,0.3398,15.3,0.375,0.375,0.3989,0.01619,0.2874,0.7976,0.1232,0.08907,0.2065,0.4939,0.3758,0.1499,0.5587,0,0.06478,1,64,7,0.2267,1,0.8235,0.3115,0.9804,0.7727,0,1,1,1,0.1014,0,0,6.843,1.897,1.188,0.02696,0.02696,0,6,60,60,0,0.25,0.09615,1,0,0.1304,1.145,1.145,0.1697,0.1697,0.1942,0.1942,0,1,2,120,120,0,247,0,0,0,3.273,0,0.5938,0,0,0,0.7285,0.991,0,0,0.4932,0,0.3942,0.2024,0.01511,0.003373,0.3728,0.0716,0.00869,0.02173,0.1364,0.1248,0.1499,0.003023,0,0,0,0,0,0,0,0,0,0
C:\Users\Sui Wei En\Downloads\Combined_abc\shostakovich4_c.mid,Shostakovich,4,c,72,6.326,11.4,11.4,0,0.4076,0,8.667,1.819,0.6211,1,1.109,1.388,0,0.01163,0.5318,0.5318,0.5156,0,1.269,0.1529,0.4827,0.4827,0.01163,0,0,0,0.0625,2,0,0.4885,1,3,0,2,0,86,0,0,79,7,0.005263,2,2,0.2,0.06316,0,0.7368,120,7,12,28,4,1,1,6,0,3,1,0.6667,4.299,0.6667,59,5.374,1.245,0.002632,2.676,120,0.5,0.5,0,2,0.005263,0.07006,0.01911,0.03822,0.1019,4.387,0.01274,0.06369,0.1592,0.07643,1,0.005263,0.25,1.083,0,0,60,0,0.5,0,0,2.209,0.8489,1.105,0.493,1.105,4,0,1,2,7,5,5,12,1,41,5,5,5,5,0,0,0,0,0.6875,0.625,0.9394,0.01163,0.728,4.846,5.767,-0.4999,0.6268,3.759,3.048,7.011,-0.5515,11.88,0.6,0.6,0.2175,0.08421,0.2053,0.8579,0.1656,0.09474,0.1789,0.5263,0.6458,0.1404,0.5263,0.01053,0,1,55,7,0.3105,1,0.9231,0.42,0.9118,0.7778,0,1,1,1,0.1656,0,0,8.753,1.843,1.213,0.03548,0.03548,0,3,60,60,0.06061,0.5,0.25,1,0,0.293,1.042,1.042,0.2364,0.2364,0.2463,0.2463,0,1,3,120,120,0,190,0,0,0,2.454,0.2887,0.6046,0,0,0,0.3637,0.5223,0.2887,0.03627,0.5156,0,0.03622,0.02059,0,0.05,0.6458,0.04779,0.03443,0,0.04205,0.195,0.00986,0,0,0,0,0,0,0,0,0,0,0
C:\Users\Sui Wei En\Downloads\Combined_abc\shostakovich5_c.mid,Shostakovich,5,c,61,5.679,10.7,10.7,0,0.461,0,13.92,2.635,0.4294,1,1.626,1.636,0,0.006981,0.4521,0.4521,0.3765,0,1.156,0.06494,0.3089,0.3089,0.006981,0,0,0,0,1,0.01376,0.2044,3,2,0,3,0,71.62,0,0,69,9,0.00369,2,2,0.1181,0.3801,0,0.5018,120,4,8,38,2,1,1,6,0,3,1,1,4.734,1,67,5.509,0.8625,0.00369,3.519,120,1,1,0,2,0.00738,0.01299,0.01299,0.08442,0.1688,3.336,0.08442,0.1104,0.1688,0.03247,1,0.00369,0.125,1.889,0.3684,5,74,6,0.75,5,0.2752,3.784,2.377,1.892,1.304,1.892,4,0,1,3,8,10,10,11,1,38,9,9,4,4,0,0.5349,0,0.02326,0.1628,0,0.367,0.006981,0.3583,4.974,5.783,-0.4728,0.6181,3.114,2.704,6.361,-0.5828,9.992,0.3333,0.3333,0.7507,0.6052,0.06642,0.941,0.1688,0.09225,0.1993,0.5756,0.2246,0.1686,0.203,0.00738,0.03321,1,48,8,0.2472,1,0.8846,0.2949,0.8519,0.92,0,1,1,1,0.1104,0,0,42.97,0.5481,0.616,0.02566,0.02566,0,3,80,80,0,0.25,0.3023,1,0.3578,0.2143,1.445,1.445,0.1264,0.1264,0.1825,0.1825,0,1,3,160,160,0,271,0,0,0,4.776,0,0.2937,0,0,0,0.8481,0.8588,0,0.06075,0.3765,0,0.2611,0.1107,0.05218,0.1459,0.01256,0.1211,0.2246,0.02526,0.1403,0.2943,0.00628,0,0,0,0,0,0,0,0,0,0,0
C:\Users\Sui Wei En\Downloads\Combined_abc\shostakovich6_c.mid,Shostakovich,6,c,75,3.157,12.55,12.55,0,0.4526,0,14.53,1.844,0.5126,1,1.355,1.393,0,0.03499,0.4835,0.4835,0.4918,0,1.092,0.0146,0.4161,0.4161,0.03499,0,0,0,0.1,3,0.1111,0.4068,5,6,0,2,0,67.88,0,0,66,6,0.005618,3,3,0.3652,0.2022,0,0.4326,120,9,12,38,2,3,3,6,0,3,1,1.583,6.883,1.583,59,5.562,1.039,0.01966,1.413,120,1,1,0,1,0.2416,0.146,0.0219,0.05109,0.1971,5.31,0.06569,0.08759,0.146,0.0438,1,0.005618,0.125,0.6667,0,5,71,11,0.25,3,0.2593,2.622,1.144,1.311,0.573,1.311,2,1,0,3,7,10,10,12,1,48,7,7,3,3,0,0.45,0,0,0.2,0,0.6222,0.03499,0.1846,4.753,5.524,0.4463,-0.4911,3.776,3.157,5.63,0.2093,13.85,0.4286,0.4286,0.6563,0.3034,0.2022,0.6461,0.1971,0.07865,0.2079,0.2921,0.3121,0.2049,0.2921,0.01685,0.2921,1,70,8,0.3315,1,0.7037,0.9038,0.8378,0.9286,0,1,1,1,0.1387,0,0,16.53,0.9021,0.9621,0.02942,0.02942,0,9,40,40,0,0.25,0.25,1,0.1185,0.1022,1.294,1.294,0.1814,0.1814,0.2347,0.2347,0,1,2,120,120,0,178,0,0,0,0.9318,1.233,0.4752,0,0,0,0.6509,0.7031,1.233,0.06749,0.4918,0,0.2213,0.007634,0.02399,0.1469,0.07561,0.01786,0.09108,0.0222,0.3065,0.3277,0.07895,0,0,0,0,0,0,0,0,0,0,0
C:\Users\Sui Wei En\Downloads\Combined_abc\shostakovich7_c.mid,Shostakovich,7,c,44,2.248,7.945,7.945,0,0.4426,0,8.759,1.793,0.5139,1,1.333,1.422,0,0.01342,0.4272,0.4272,0.6017,0,1.06,0.123,0.2993,0.2993,0.01342,0,0,0,0.06667,3,0.04673,0.4808,2,3,0,3,0,55.88,0,0,69,9,0.006536,2,2,0.1961,0.4706,0,0.3333,120,8,7,69,9,1,1,6,0,3.25,1,0.75,4.23,0.75,68,5.386,1.095,0.09314,2.887,120,1,1,0,2,0,0.03279,0.03279,0.04098,0.123,4.889,0.04098,0.04918,0.1721,0.04098,1,0.006536,0.125,1.333,1,2,69,1,0.5,3,0.1869,2.738,1.568,1.369,0.864,1.369,5,0,1,3,7,10,10,12,1,40,9,9,6,6,0,0.2667,0,0.06667,0.1333,0,0.6262,0.01342,0.439,4.807,5.749,0.335,0.3463,3.453,2.661,5.459,-0.606,12.65,0.2222,0.2222,0.7241,0.3268,0.09804,0.7386,0.1967,0.1046,0.183,0.4837,0.2297,0.1663,0.6536,0.04575,0.1699,1,50,8,0.4444,1,0.75,0.5135,0.8929,0.6875,0,1,1,1,0.1475,0,0,13.46,1.377,1.296,0.02583,0.02583,0,0,96,96,0,0.25,0.5333,1,0.1869,0.3197,1.068,1.068,0.1447,0.1447,0.1545,0.1545,0,1,2,48,48,0,153,0,0,0,2.577,0.3536,0.6504,0,0,0,0.6353,0.7024,0.3536,0.1487,0.6017,0,0.1105,0.0839,0,0.1202,0.1569,0.1302,0.1425,0.02119,0.08143,0.38,0.02538,0.00937,0,0,0,0,0,0,0,0,0,0
C:\Users\Sui Wei En\Downloads\Combined_abc\shostakovich8_c.mid,Shostakovich,8,c,40,1.747,8.204,8.204,0,0.4643,0,6.302,1.581,0.1595,1,1.073,1.073,0,0.01783,0.1629,0.1629,0.1222,0,0.3906,0.1786,0.2031,0.2031,0.01783,0,0,0,0,1,0,0.4853,1,1,0,2,0,28.04,0,0,73,1,0.005376,2.667,2.667,0.1882,0.4086,0,0.4032,120,8,20,30,6,1,1,1.5,0,0.75,1,1,3.387,1,65,5.253,0.3185,0.000448,6.889,120,1,1,0,2,0,0.02976,0.005952,0.02381,0.131,3.84,0.02381,0.05952,0.1964,0.02381,1,0.005376,0.125,3.125,0,0,74,9,0.25,1,0,6.633,0.8591,3.316,1.441,3.316,5,0,2,1,5,10,10,12,1,34,10,10,6,6,0,0,0,0,0.3333,0,1,0.01783,0.1857,4.669,5.125,-0.6596,-0.958,3.399,2.643,5.535,-0.8743,10.64,0.2,0.2,0.7737,0.05914,0,0.1129,0.1905,0.1129,0.1828,0.8871,0.4591,0.3552,0.9301,0,0.8871,1,60,4,0.3495,1,0.9375,0.04848,0.9412,0.9048,0,1,1,1,0.1905,0,0,22.66,0.8817,0.2332,0.02421,0.02421,0,2,160,160,0,0.25,0.6667,1,0,0.3155,1.006,1.006,0.1012,0.1012,0.1019,0.1019,0,1,2,60,60,0,186,0,0,0,11.39,0,0.1166,0,0,0,0.2595,0.2595,0,0.00611,0.1222,0,4.385,0,0.4591,0,0,0,0.1225,0,0,0,0,0.06322,0,0,0,0,0,0,0,0,0,0
C:\Users\Sui Wei En\Downloads\Combined_abc\shostakovich9_c.mid,Shostakovich,9,c,50,3,11.24,11.24,0,0.4242,0,10.9,1.638,0.6717,1,1.084,1.324,0,0.00442,0.5587,0.5587,0.5563,0,1.382,0.0404,0.362,0.362,0.00442,0,0,0,0,2,0,0.5581,3,4,0,3,0,113.1,0,0,88,4,0.004505,2,2,0.3378,0.3514,0,0.3108,120,8,12,28,4,1,1,8,0,4.25,1,1,5.919,1,64,5.811,1.343,0.004505,1.93,120,1,1,0,1,0.01802,0.1162,0.0303,0.0404,0.1818,4.258,0.02525,0.03535,0.1919,0.01515,1,0.004505,0.25,1.375,2.667,2,71,11,0.5,0,0,1.962,0.7002,0.9812,0.3508,0.9812,4,0,0,2,9,10,10,12,1,62,5,5,5,5,0,0,0,0,0.4,0.4,0.5926,0.00442,0.8055,4.791,5.442,0.6898,0.08713,3.526,2.792,5.011,-0.4849,23.24,0.6,0.6,0.1533,0.2387,0.2162,0.8378,0.1919,0.05405,0.1757,0.3919,0.746,0.1144,0.3919,0.01351,0,1,81,8,0.2883,1,0.9474,0.5172,0.8718,0.9167,0,1,1,1,0.1313,0,0,10.27,1.387,1.283,0.0299,0.0299,0,4,60,60,0,0.5,0.6,1,0.4074,0.2323,1.032,1.032,0.1782,0.1782,0.1839,0.1839,0,1,2,120,120,0,222,0,0,0,1.461,0,0.6477,0,0,0,0.3551,0.5176,0,0.04094,0.5563,0,0,0.05105,0,0.02442,0.746,0.03883,0.02066,0,0.02066,0.1739,0,0,0,0,0,0,0,0,0,0,0,0
