Data Set ID,Composer,Prelude Number,Part,Valence,Arousal,Dynamic Range,Average Note to Note Change in Dynamics,Variation of Dynamics,Variation of Dynamics In Each Voice,Acoustic Guitar Prevalence,Amount of Arpeggiation,Amount of Staccato,Average Interval Spanned by Melodic Arcs,Average Length of Melodic Arcs,Average Note Duration,Average Number of Independent Voices,Average Number of Simultaneous Pitch Classes,Average Number of Simultaneous Pitches,Average Range of Glissandos,Average Rest Fraction Across Voices,Average Time Between Attacks,Average Time Between Attacks for Each Voice,Average Variability of Time Between Attacks for Each Voice,Brass Prevalence,Chord Duration,Chromatic Motion,Combined Strength of Two Strongest Rhythmic Pulses,Combined Strength of Two Strongest Rhythmic Pulses - Tempo Standardized,Complete Rests Fraction,Complex Chords,Complex Initial Meter,Compound Initial Meter,Contrary Motion,Difference Between Most Common Rhythmic Values,Diminished and Augmented Triads,Direction of Melodic Motion,Distance Between Most Prevalent Melodic Intervals,Distance Between Two Most Common Vertical Intervals,Dominant Seventh Chords,Dominant Spread,Duple Initial Meter,Duration in Seconds,Electric Guitar Prevalence,Electric Instrument Prevalence,First Pitch,First Pitch Class,Glissando Prevalence,Harmonicity of Two Strongest Rhythmic Pulses,Harmonicity of Two Strongest Rhythmic Pulses - Tempo Standardized,Importance of Bass Register,Importance of High Register,Importance of Loudest Voice,Importance of Middle Register,Initial Tempo,Interval Between Most Prevalent Pitch Classes,Interval Between Most Prevalent Pitches,Last Pitch,Last Pitch Class,Longest Complete Rest,Longest Partial Rest,Longest Rhythmic Value,Major or Minor,Maximum Note Duration,Maximum Number of Independent Voices,Mean Complete Rest Duration,Mean Melodic Interval,Mean Partial Rest Duration,Mean Pitch,Mean Pitch Class,Mean Rhythmic Value,Mean Rhythmic Value Offset,Mean Rhythmic Value Run Length,Mean Tempo,Median Complete Rest Duration,Median Partial Rest Duration,Median Rhythmic Value Offset,Median Rhythmic Value Run Length,Melodic Embellishments,Melodic Large Intervals,Melodic Octaves,Melodic Perfect Fifths,Melodic Perfect Fourths,Melodic Pitch Variety,Melodic Sevenths,Melodic Sixths,Melodic Thirds,Melodic Tritones,Metrical Diversity,Microtone Prevalence,Minimum Note Duration,Minor Major Melodic Third Ratio,Minor Major Triad Ratio,Most Common Melodic Interval,Most Common Pitch,Most Common Pitch Class,Most Common Rhythmic Value,Most Common Vertical Interval,Non-Standard Chords,Note Density,Note Density Variability,Note Density per Quarter Note,Note Density per Quarter Note Variability,Note Density per Quarter Note per Voice,Number of Common Melodic Intervals,Number of Common Pitch Classes,Number of Common Pitches,Number of Common Rhythmic Values Present,Number of Different Rhythmic Values Present,Number of Moderate Rhythmic Pulses,Number of Moderate Rhythmic Pulses - Tempo Standardized,Number of Pitch Classes,Number of Pitched Instruments,Number of Pitches,Number of Relatively Strong Rhythmic Pulses,Number of Relatively Strong Rhythmic Pulses - Tempo Standardized,Number of Strong Rhythmic Pulses,Number of Strong Rhythmic Pulses - Tempo Standardized,Number of Unpitched Instruments,Oblique Motion,Orchestral Strings Prevalence,Parallel Fifths,Parallel Motion,Parallel Octaves,Partial Chords,Partial Rests Fraction,Perfect Vertical Intervals,Pitch Class Kurtosis,Pitch Class Kurtosis After Folding,Pitch Class Skewness,Pitch Class Skewness After Folding,Pitch Class Variability,Pitch Class Variability After Folding,Pitch Kurtosis,Pitch Skewness,Pitch Variability,Polyrhythms,Polyrhythms - Tempo Standardized,Prevalence Ratio of Two Most Common Vertical Intervals,Prevalence of Dotted Notes,Prevalence of Long Rhythmic Values,Prevalence of Medium Rhythmic Values,Prevalence of Most Common Melodic Interval,Prevalence of Most Common Pitch,Prevalence of Most Common Pitch Class,Prevalence of Most Common Rhythmic Value,Prevalence of Most Common Vertical Interval,Prevalence of Second Most Common Vertical Interval,Prevalence of Short Rhythmic Values,Prevalence of Very Long Rhythmic Values,Prevalence of Very Short Rhythmic Values,Quadruple Initial Meter,Range,Range of Rhythmic Values,Relative Note Density of Highest Line,Relative Note Durations of Lowest Line,Relative Prevalence of Most Common Melodic Intervals,Relative Prevalence of Most Common Rhythmic Values,Relative Prevalence of Top Pitch Classes,Relative Prevalence of Top Pitches,Relative Range Isolation of Loudest Voice,Relative Range of Highest Line,Relative Range of Loudest Voice,Relative Size of Melodic Intervals in Lowest Line,Repeated Notes,Rhythmic Looseness,Rhythmic Looseness - Tempo Standardized,Rhythmic Value Kurtosis,Rhythmic Value Skewness,Rhythmic Value Variability,Rhythmic Variability,Rhythmic Variability - Tempo Standardized,Saxophone Prevalence,Second Most Common Vertical Interval,Second Strongest Rhythmic Pulse,Second Strongest Rhythmic Pulse - Tempo Standardized,Seventh Chords,Shortest Rhythmic Value,Similar Motion,Simple Initial Meter,Standard Triads,Stepwise Motion,Strength Ratio of Two Strongest Rhythmic Pulses,Strength Ratio of Two Strongest Rhythmic Pulses - Tempo Standardized,Strength of Second Strongest Rhythmic Pulse,Strength of Second Strongest Rhythmic Pulse - Tempo Standardized,Strength of Strongest Rhythmic Pulse,Strength of Strongest Rhythmic Pulse - Tempo Standardized,String Ensemble Prevalence,String Keyboard Prevalence,Strong Tonal Centres,Strongest Rhythmic Pulse,Strongest Rhythmic Pulse - Tempo Standardized,Tempo Variability,Total Number of Notes,Triple Initial Meter,Unpitched Percussion Instrument Prevalence,Variability Across Voices of Combined Rests,Variability in Rhythmic Value Run Lengths,Variability of Complete Rest Durations,Variability of Note Durations,Variability of Note Prevalence of Pitched Instruments,Variability of Note Prevalence of Unpitched Instruments,Variability of Number of Independent Voices,Variability of Number of Simultaneous Pitch Classes,Variability of Number of Simultaneous Pitches,Variability of Partial Rest Durations,Variability of Rhythmic Value Offsets,Variability of Time Between Attacks,Variability of Voice Separation,Vertical Dissonance Ratio,Vertical Major Third Prevalence,Vertical Minor Seconds,Vertical Minor Third Prevalence,Vertical Octaves,Vertical Perfect Fifths,Vertical Perfect Fourths,Vertical Sevenths,Vertical Sixths,Vertical Thirds,Vertical Tritones,Vertical Unisons,Vibrato Prevalence,Violin Prevalence,Voice Equality - Dynamics,Voice Equality - Melodic Leaps,Voice Equality - Note Duration,Voice Equality - Number of Notes,Voice Equality - Range,Voice Overlap,Voice Separation,Woodwinds Prevalence
C:\Users\Sui Wei En\Downloads\Combined_abc\bach11_a.mid,Bach,11,a,0.63,0.42,8.533333333,0.061390887,3.656031087,1.828015544,0,0.5947,0,7.7,1.53,0.1953,1,1.042,1.042,0,0.0137,0.1888,0.1888,0.2248,0,0.4897,0.08421,0.2294,0.2294,0.0137,0,0,0,0,1,0,0.4902,3,6,0,4,0,36.5,0,0,53,5,0.005208,1.5,1.5,0.3229,0.1979,0,0.4792,120,4,16,60,0,1,1,3,0,1.5,1,1,4.068,1,61,5.474,0.3906,0,7.385,120,1,1,0,6,0,0.03158,0.03158,0.03684,0.09474,5.193,0.07895,0.05263,0.2526,0,1,0.005208,0.125,1.824,0,0,69,5,0.25,6,0,5.26,1.014,2.63,1.187,2.63,4,0,0,2,5,10,10,12,1,37,10,10,5,5,0,0,0,0,0,0,1,0.0137,0,4.987,4.797,0.4441,0.7288,3.202,3.881,4.982,-0.7161,11.11,0.3,0.3,0,0.03646,0.03125,0.1927,0.1947,0.07812,0.1667,0.776,1,0,0.9531,0,0.776,1,41,6,0.3177,1,0.8378,0.2282,0.9688,0.8,0,1,1,1,0.1947,0,0,30.06,0.8684,0.4858,0.02433,0.02433,0,0,80,80,0,0.25,0,1,0,0.2263,1.098,1.098,0.1093,0.1093,0.12,0.12,0,1,3,120,120,0,192,0,0,0,7.762,0,0.2429,0,0,0,0.1998,0.1998,0,0,0.2248,0,0,0,0,0,0,0,0,0,0,0,1,0,0,0,0,0,0,0,0,0,0,0
C:\Users\Sui Wei En\Downloads\Combined_abc\bach12_a.mid,Bach,12,a,0.3,0.47,8.533333333,0.053128991,2.78510143,1.392550715,0,0.4388,0,17.77,1.797,0.2581,1,1.418,1.452,0,0.02593,0.2383,0.2383,0.1996,0,0.5018,0.04317,0.2353,0.2353,0.02593,0,0,0,0.25,3,0,0.6466,3,1,0,4,0,33.75,0,0,65,5,0.005405,1.333,1.333,0.1784,0.1297,0,0.6919,120,7,5,64,4,1,1,4,0,1.75,1,0.875,9.583,0.875,62,5.238,0.5203,0.004054,2.5,120,1,1,0,2,0.03784,0.2734,0.05755,0.1007,0.09353,7.115,0.04317,0.1295,0.1367,0.03597,1,0.005405,0.125,0.3571,0,4,55,0,0.25,4,0.009901,5.481,0.8674,2.741,0.5357,2.741,3,0,0,3,7,10,10,12,1,35,10,10,6,6,0,0.25,0,0,0.4167,0.08333,0.9109,0.02593,0.1591,4.952,4.493,0.2048,0.1487,3.484,4.144,5.31,-0.0735,9.266,0.3,0.3,0.9714,0.01622,0.02162,0.4378,0.1007,0.08649,0.1838,0.5568,0.2652,0.2576,0.7459,0,0.5568,1,42,7,0.3351,1,1,0.3883,0.9412,0.875,0,1,1,1,0.04317,0,0,26.55,1.821,0.4453,0.02448,0.02448,0,3,60,60,0,0.25,0.08333,1,0.07921,0.08633,1.072,1.072,0.1136,0.1136,0.1217,0.1217,0,1,2,80,80,0,185,0,0,0,1.838,0.1768,0.2112,0,0,0,0.5584,0.5887,0.1768,0.04101,0.1996,0,0.08197,0.1331,0.007576,0.1141,0.06818,0.08333,0.007576,0.01515,0.2424,0.5227,0.04545,0,0,0,0,0,0,0,0,0,0,0
C:\Users\Sui Wei En\Downloads\Combined_abc\bach13_a.mid,Bach,13,a,0.88,0.83,8.533333333,0.07545552,1.419741151,0.709870575,0,0.4122,0,17.38,1.812,0.2093,1,1.027,1.032,0,0.03524,0.2118,0.2118,0.142,0,0.476,0.09924,0.2253,0.2253,0.03524,0,0,0,0,2,0,0.512,2,5,0,7,0,28.38,0,0,66,6,0.007407,2,2,0.2444,0.3037,0,0.4519,120,9,3,73,1,1,1,2,0,0.875,1,0.4,9.191,0.4,64,5.978,0.4241,0.005556,2.7,120,0.25,0.25,0,2,0.007407,0.2824,0.05344,0.05344,0.09924,5.984,0.01527,0.05344,0.1985,0.0458,1,0.007407,0.125,1.6,0,3,70,1,0.25,5,0,4.758,0.9042,2.379,0.9443,2.379,3,0,1,2,4,10,10,11,1,32,10,10,4,4,0,0,0,0,0,0,1,0.03524,0.4286,4.866,5.916,-0.01965,-0.263,3.393,2.282,5.35,-0.8513,10.89,0.3,0.3,0.5,0.2222,0.02222,0.3407,0.1221,0.1037,0.1778,0.6593,0.2857,0.1429,0.7556,0,0.6593,1,46,5,0.4741,1,0.8125,0.3371,0.8333,0.7857,0,1,1,1,0.0458,0,0,17.82,1.651,0.3163,0.02429,0.02429,0,0,80,80,0,0.25,0,1,0,0.1527,1.07,1.07,0.1089,0.1089,0.1165,0.1165,0,1,2,160,160,0,135,0,0,0,2.261,0.3354,0.1447,0,0,0,0.1632,0.1759,0.3354,0.03699,0.142,0,0.1667,0.004566,0,0,0.1429,0,0.2857,0,0.2857,0.1429,0,0,0,0,0,0,0,0,0,0,0,0
C:\Users\Sui Wei En\Downloads\Combined_abc\bach14_a.mid,Bach,14,a,0.4,0.45,8.533333333,0.04700565,2.613925274,1.306962637,0,0.4683,0,32,2.204,0.179,1,1.596,1.725,0,0.02286,0.1617,0.1617,0.1001,0,0.3716,0.007937,0.2138,0.2138,0.02286,0,0,0,0.1724,1,0,0.75,15,1,0.02273,4,0,21.88,0,0,57,9,0.004854,1.333,1.333,0.3155,0.1893,0,0.4951,120,3,19,42,6,1,1,2,0,1,1,1,12.51,1,61,6.121,0.3592,0.001214,4.682,120,1,1,0,2,0,0.5079,0.03968,0.01587,0.05556,4.477,0.07143,0.04762,0.05556,0.02381,1,0.004854,0.125,1.333,0.25,0,73,6,0.25,3,0,9.417,3.032,4.709,1.586,4.709,2,1,0,2,4,10,10,11,1,34,10,10,4,4,0,0.5172,0,0,0.1034,0,0.8636,0.02286,0.2866,4.849,5.722,0.1068,-0.5855,3.41,2.214,5.026,0.09977,10.36,0.3,0.3,0.5556,0.004854,0.02427,0.2718,0.1429,0.08252,0.2039,0.7282,0.2744,0.1524,0.9709,0,0.7282,1,44,5,0.2961,1,0.6667,0.3333,0.7857,0.8824,0,1,1,1,0.1429,0,0,29.09,1.12,0.2925,0.02423,0.02423,0,4,120,120,0.02273,0.25,0.2069,1,0.1136,0.03968,1.004,1.004,0.1067,0.1067,0.1071,0.1071,0,1,2,160,160,0,206,0,0,0,5.905,0,0.1441,0,0,0,0.6541,0.8168,0,0.01742,0.1001,0,0.0719,0.1462,0,0.2515,0.1341,0.08537,0.06707,0.01829,0.2195,0.4268,0.0122,0,0,0,0,0,0,0,0,0,0,0
C:\Users\Sui Wei En\Downloads\Combined_abc\bach15_a.mid,Bach,15,a,0.72,0.78,8.533333333,0.067219458,2.933381656,1.466690828,0,0.3617,0,24.22,2.306,0.1755,1,2.109,2.404,0,0.03175,0.1409,0.1409,0.02807,0,0.3244,0.09574,0.1165,0.1165,0.03175,0,0,0,0.3373,7,0,0.5301,1,3,0,6,0,15.75,0,0,67,7,0.004695,1.233,1.233,0.2535,0.1878,0,0.5587,120,2,7,43,7,1,1,4,0,2,1,1,9.457,1,62,5.296,0.3228,0.02895,53.25,120,1,1,0,38,0,0.3085,0.06383,0.04255,0.05319,4.544,0.02128,0.05319,0.117,0.03191,1,0.004695,0.125,2.667,0,0,55,4,0.25,0,0.08682,13.52,7.601,6.762,2.286,6.762,3,0,0,1,3,24,24,11,1,36,23,23,0,0,0,0.09639,0,0,0.04819,0,0.7235,0.03175,0.3586,5.001,6.041,-0.6419,-0.2682,3.291,2.521,5.211,0.1419,10.12,0.1739,0.1739,0.984,0.004695,0.01878,0.004695,0.117,0.07042,0.1549,0.9765,0.1621,0.1595,0.9765,0,0.9765,1,45,7,0.2911,1,0.8182,0.01923,0.9697,0.8667,0,1,1,1,0.117,0.1739,0.1739,55.07,0.4272,0.5111,0.01422,0.01422,0,3,111,111,0,0.25,0.5181,1,0.1897,0.1915,1.172,1.172,0.05367,0.05367,0.06288,0.06288,0,1,3,90,90,0,213,0,0,0,79.62,0,0.2541,0,0,0,0.6686,0.8234,0,0.03977,0.02807,0,0.1798,0.2787,0.03372,0.3306,0.1401,0.09857,0.09792,0.02659,0.1868,0.3022,0.03243,0.02205,0,0,0,0,0,0,0,0,0,0
C:\Users\Sui Wei En\Downloads\Combined_abc\bach16_a.mid,Bach,16,a,0.48,0.68,8.533333333,0.022816399,1.600034224,0.800017112,0,0.4688,0,16.67,1.797,0.2263,1,1.258,1.269,0,0.01812,0.2646,0.2646,0.3815,0,0.5419,0.02344,0.2483,0.2483,0.01812,0,0,0,0.5,1,0,0.4348,5,1,0,4,0,34.5,0,0,79,7,0.005263,2,2,0.1947,0.2263,0,0.5789,120,5,25,57,9,1,1,4,0,2.125,1,0.625,8.359,0.625,63,5.237,0.4553,0.005263,2.836,120,1,1,0,2,0.03158,0.2109,0.05469,0.09375,0.1172,6.372,0.0625,0.09375,0.125,0.05469,1,0.005263,0.125,1.667,0,5,75,7,0.25,2,0.02985,5.507,2.342,2.754,1.143,2.754,3,0,0,2,7,10,10,12,1,34,10,10,4,4,0,0.07143,0,0,0.07143,0,0.9552,0.01812,0.1711,4.698,4.615,0.2011,1.159,3.534,3.91,5.196,-0.6688,10.22,0.3,0.3,0.7143,0.03158,0.03684,0.2421,0.1172,0.07895,0.1632,0.7316,0.2763,0.1974,0.9105,0,0.7316,1,41,7,0.3316,1,0.8667,0.2446,0.9355,0.8,0,1,1,1,0.1016,0,0,28.7,0.9571,0.6434,0.02444,0.02444,0,3,80,80,0,0.25,0.3571,1,0.01493,0.08594,1.125,1.125,0.1168,0.1168,0.1314,0.1314,0,1,2,160,160,0,190,0,0,0,3.879,0.5303,0.3226,0,0,0,0.4623,0.4679,0.5303,0.03598,0.3815,0,1.111,0.02952,0.1842,0.05535,0.03947,0.05263,0.07895,0.03947,0,0.3026,0.02632,0,0,0,0,0,0,0,0,0,0,0
C:\Users\Sui Wei En\Downloads\Combined_abc\bach17_a.mid,Bach,17,a,0.65,0.74,6.4,0.049921997,3.131959708,1.565979854,0,0.3446,0,26.72,2.015,0.2018,1,1.489,1.532,0,0.02083,0.1976,0.1976,0.1101,0,0.4256,0.02027,0.228,0.228,0.02083,0,0,0,0.2174,1,0.01942,0.708,9,4,0,6,0,30,0,0,56,8,0.004484,2,2,0.2422,0.157,0,0.6009,120,5,12,51,3,1,1,1.5,0,0.625,1,0.625,12.47,0.625,61,5.265,0.4058,0.002242,2.788,120,1,1,0,2,0,0.5,0.0473,0.05405,0.09459,6.1,0.06081,0.06757,0.05405,0,1,0.004484,0.125,3,0,5,56,8,0.25,3,0.03883,7.433,1.617,3.717,0.982,3.717,1,1,1,2,4,10,10,9,1,27,10,10,4,4,0,0.08696,0,0,0.3478,0,0.8835,0.02083,0.3034,4.731,5.322,0.2341,-0.8468,3.39,3.781,5.094,0.1546,9.659,0.3,0.3,0.5429,0.008969,0,0.4439,0.09459,0.1031,0.2108,0.5561,0.2414,0.131,0.9193,0,0.5561,1,43,4,0.2735,1,0.8571,0.6532,0.8298,0.7826,0,1,1,1,0.07432,0,0,11.17,2.03,0.2303,0.02434,0.02434,0,7,80,80,0,0.25,0.3478,1,0.07767,0.0473,1.016,1.016,0.1131,0.1131,0.1149,0.1149,0,1,1,160,160,0,223,0,0,0,5.199,0.5303,0.1103,0,0,0,0.5933,0.6475,0.5303,0.02362,0.1101,0,0.1789,0.06809,0.01379,0.1489,0.06897,0.131,0.1034,0.06897,0.1793,0.3655,0.04828,0,0,0,0,0,0,0,0,0,0,0
C:\Users\Sui Wei En\Downloads\Combined_abc\bach18_a.mid,Bach,18,a,0.23,0.33,8.533333333,0.080961417,3.372097147,1.686048574,0,0.3858,0,22.66,2.121,0.2453,1,1.312,1.335,0,0.04225,0.2746,0.2746,0.2475,0,0.5483,0.03937,0.2275,0.2275,0.04225,0,0,0,0.4706,1,0.01266,0.6992,1,6,0,4,0,35.5,0,0,59,11,0.005405,1.1,1.1,0.2486,0.1568,0,0.5946,120,7,7,61,1,1,1,3,0,1.5,1,0.6,10.43,0.6,61,6.043,0.4919,0.001351,2.643,120,0.5,0.5,0,2,0.02703,0.3465,0.05512,0.04724,0.06299,6.221,0.06299,0.07087,0.1417,0.03937,1,0.005405,0.125,1.25,4,2,68,8,0.25,9,0.01266,5.211,2.478,2.606,0.9202,2.606,1,0,0,2,7,10,10,12,1,41,10,10,5,5,0,0.05882,0,0,0,0,0.9241,0.04225,0.2475,4.795,5.878,0.0367,-0.33,3.535,2.801,5.451,0.1327,9.9,0.4,0.4,0.8462,0.1081,0.02162,0.3405,0.1024,0.08108,0.1622,0.6541,0.2574,0.2178,0.8378,0,0.6541,1,46,6,0.3297,1,0.7692,0.281,0.9333,0.8667,0,1,1,1,0.0315,0,0,11.75,1.549,0.4684,0.02433,0.02433,0,3,44,44,0,0.25,0.4706,1,0.06329,0.1417,1.007,1.007,0.1133,0.1133,0.1142,0.1142,0,1,3,40,40,0,185,0,0,0,2.756,0.2236,0.2329,0,0,0,0.5089,0.5442,0.2236,0.01838,0.2475,0,0.04124,0.03676,0.0198,0.07353,0.05941,0.06931,0.1188,0,0.396,0.3168,0.009901,0,0,0,0,0,0,0,0,0,0,0
C:\Users\Sui Wei En\Downloads\Combined_abc\bach19_a.mid,Bach,19,a,0.55,0.41,6.4,0.063576159,3.028106095,1.514053048,0,0.3893,0,24.2,2.185,0.1915,1,1.239,1.286,0,0.02857,0.2005,0.2005,0.1473,0,0.4131,0.04027,0.2193,0.2193,0.02857,0,0,0,0.4375,1,0,0.6338,2,1,0,7,0,30.62,0,0,69,9,0.004975,1.5,1.5,0.1791,0.3383,0,0.4826,120,2,19,52,4,1,1,2,0,1,1,0.5833,10.59,0.5833,65,5.796,0.3831,0,4.102,120,0.5,0.5,0,2,0.00995,0.3557,0.03356,0,0.1477,6.841,0.04698,0.09396,0.1678,0.03356,1,0.004975,0.125,2.571,0,5,57,4,0.25,4,0.01786,6.563,3.3,3.282,1.274,3.282,2,0,0,2,4,10,10,11,1,33,10,10,5,5,0,0.125,0,0,0.125,0,0.9821,0.02857,0.2597,4.835,5.567,-0.1844,0.06528,3.319,2.286,4.952,0.3864,10.24,0.3,0.3,0.8235,0,0.00995,0.2736,0.1477,0.07463,0.1542,0.7264,0.2208,0.1818,0.8905,0,0.7264,1,41,5,0.3234,1,0.8182,0.226,0.9032,0.9333,0,1,1,1,0.04698,0,0,16.63,1.417,0.2818,0.02428,0.02428,0,3,80,80,0,0.25,0.3125,1,0,0.07383,1.037,1.037,0.1077,0.1077,0.1117,0.1117,0,1,2,120,120,0,201,0,0,0,6.453,0.3819,0.1409,0,0,0,0.4365,0.5127,0.3819,0,0.1473,0,0.1667,0.05462,0,0.05882,0.1429,0.06494,0.02597,0.06494,0.1948,0.4026,0.02597,0.02597,0,0,0,0,0,0,0,0,0,0
C:\Users\Sui Wei En\Downloads\Combined_abc\bach1_a.mid,Bach,1,a,0.38,0.47,10.66666667,0.09473061,3.211412269,1.605706134,0,0.7901,0,14.56,1.303,0.3372,1,1,1,0,0.008081,0.3383,0.3383,0.3872,0,1.334,0,0.4094,0.4094,0.008081,0,0,0,0,5,0,0.3966,12,0,0,4,0,61.88,0,0,60,0,0.005495,1.091,1.091,0.1648,0.1154,0,0.7198,120,7,5,62,2,1,1,4,0,2,1,1,7.227,1,61,4.203,0.7047,0.03022,2.022,120,1,1,0,2,0,0.1823,0.1381,0.07182,0.005525,4.627,0.0884,0.116,0.03315,0.005525,1,0.005495,0.125,2,0,0,60,0,0.25,0,0,2.941,0.3501,1.471,0.1736,1.471,2,1,1,2,3,8,8,12,1,28,6,6,5,5,0,0,0,0,0,0,0,0.008081,0,5.115,6.108,0.1813,1.155,3.363,3.581,6.213,0.5012,8.584,0.1667,0.1667,0,0,0.2473,0.2363,0.3591,0.1538,0.2418,0.7527,0,0,0.7527,0,0.7527,1,43,7,0.3352,1,0.3846,0.3139,0.6591,0.5714,0,1,1,1,0.3591,0,0,7.596,1.66,0.8216,0.03109,0.03109,0,0,44,44,0,0.25,0,1,0,0,1.008,1.008,0.2039,0.2039,0.2055,0.2055,0,1,2,48,48,0,182,0,0,0,1.263,0,0.3865,0,0,0,0,0,0,0.08172,0.3872,0,0,0,0,0,0,0,0,0,0,0,0,0,0,0,0,0,0,0,0,0,0,0
C:\Users\Sui Wei En\Downloads\Combined_abc\bach20_a.mid,Bach,20,a,0.73,0.83,6.4,0.073732719,3.201237115,1.600618557,0,0.3419,0,19.49,1.897,0.2476,1,1.355,1.365,0,0.0132,0.2379,0.2379,0.2183,0,0.5119,0.06452,0.2409,0.2409,0.0132,0,0,0,0.5,1,0,0.6014,3,4,0,6,0,37.88,0,0,69,9,0.004854,4,4,0.2136,0.233,0,0.5534,120,5,4,81,9,1,1,3,0,1.5,1,1,10.07,1,63,5.398,0.5049,0.009709,1.907,120,1,1,0,1,0.004854,0.329,0.05161,0.05806,0.1677,6.049,0.05806,0.03871,0.06452,0.03226,1,0.004854,0.125,0.4286,0.8571,5,72,4,0.25,5,0,5.439,1.134,2.719,0.6988,2.719,2,0,0,2,6,10,10,12,1,37,10,10,4,4,0,0,0,0,0,0,0.8602,0.0132,0.3443,4.936,6.259,0.3374,-0.05757,3.539,3.036,5.129,-0.05031,10.42,0.3,0.3,0.8,0.04854,0.04854,0.5194,0.1677,0.07767,0.1553,0.4757,0.2459,0.1967,0.9029,0,0.4757,1,47,6,0.3058,1,0.5385,0.898,0.875,1,0,1,1,1,0.04516,0,0,14.25,0.03222,0.4519,0.02446,0.02446,0,9,40,40,0,0.25,0.5,1,0.1398,0.1548,1.329,1.329,0.1035,0.1035,0.1375,0.1375,0,1,2,160,160,0,206,0,0,0,1.357,0,0.2113,0,0,0,0.562,0.5645,0,0.04842,0.2183,0,0.1509,0.03679,0,0.0602,0.02459,0.07377,0.2459,0.02459,0.2869,0.2377,0.06557,0,0,0,0,0,0,0,0,0,0,0
C:\Users\Sui Wei En\Downloads\Combined_abc\bach21_a.mid,Bach,21,a,0.45,0.46,10.66666667,0.126391382,2.31951819,1.159759095,0,0.383,0,13.81,1.692,0.1659,1,2.128,2.532,0,0.0354,0.1436,0.1436,0.05383,0,0.3131,0.04255,0.1882,0.1882,0.0354,0,0,0,0.05263,2,0,0.5114,4,3,0.05882,6,0,14.12,0,0,58,10,0.004808,3.636,3.636,0.2644,0.08654,0,0.649,120,3,4,70,10,1,1,0.75,0,0.375,1,1,7.915,1,60,5.293,0.3221,0.009615,23.11,120,1,1,0,14,0,0.1277,0.08511,0.04255,0.1277,5.927,0.08511,0.2447,0.06383,0.02128,1,0.004808,0.125,1,0,5,58,2,0.25,3,0.02941,14.73,2.87,7.363,1.177,7.363,4,0,2,1,3,22,22,11,1,35,10,10,0,0,0,0.03947,0,0.01316,0.1184,0,0.8824,0.0354,0.3098,4.708,4.441,0.2492,1.472,3.531,4.263,5.798,0.01451,8.947,0.1,0.1,0.7294,0.1394,0,0.149,0.1277,0.09135,0.1779,0.851,0.1975,0.144,0.8606,0,0.851,1,46,2,0.2885,1,1,0.1638,0.9459,1,0,1,1,1,0.06383,0,0,8.311,1.241,0.1744,0.01868,0.01868,0,0,160,160,0.05882,0.25,0.7895,1,0.02941,0.1383,1.11,1.11,0.0892,0.0892,0.09899,0.09899,0,1,2,44,44,0,208,0,0,0,32.62,0,0.0862,0,0,0,0.6368,1.695,0,0.02669,0.05383,0,0.2807,0.1865,0.02627,0.2263,0.144,0.08152,0.08424,0.03804,0.1694,0.3016,0.07337,0,0,0,0,0,0,0,0,0,0,0
C:\Users\Sui Wei En\Downloads\Combined_abc\bach22_a.mid,Bach,22,a,0.58,0.44,8.533333333,0.123765903,3.271549147,1.635774574,0,0.3366,0,41.52,3.194,0.2115,1,1.967,2.206,0,0.02174,0.2202,0.2202,0.1592,0,0.4591,0.0396,0.2273,0.2273,0.02174,0.01942,0,0,0.5,1,0.05825,0.8283,10,3,0.05825,3,0,23,0,0,61,1,0.004219,1.227,1.227,0.173,0.1857,0,0.6414,120,5,5,46,10,1,1,2,0,1,1,1,12.78,1,64,5.004,0.423,0,4.309,120,1,1,0,3,0,0.495,0.0396,0.07921,0.0495,4.63,0.06931,0.1089,0.05941,0,1,0.004219,0.125,0.2,3.2,7,70,10,0.5,3,0.1942,10.3,2.037,5.152,1.378,5.152,0,1,1,2,5,10,10,11,1,36,10,10,5,5,0,0.2105,0,0,0.05263,0.02632,0.5049,0.02174,0.3003,4.701,5.259,0.003524,-0.8027,3.592,3.816,5.752,-0.2318,9.121,0.2,0.2,0.5862,0.01266,0.004219,0.5316,0.07921,0.1013,0.2025,0.4726,0.2332,0.1367,0.9409,0,0.4684,1,43,5,0.27,1,1,0.9911,0.875,0.7917,0,1,1,1,0.0198,0,0,18.73,-0.9738,0.2372,0.02437,0.02437,0,0,44,44,0.09709,0.25,0.2368,1,0.2039,0.07921,1.033,1.033,0.1118,0.1118,0.1155,0.1155,0,1,2,54,54,0,237,0,0,0,6.064,0,0.1186,0,0,0,1.032,1.186,0,0,0.1592,0,0.173,0.2,0,0.3778,0.126,0.07775,0.08579,0.05362,0.1984,0.3539,0.04826,0.01072,0,0,0,0,0,0,0,0,0,0
C:\Users\Sui Wei En\Downloads\Combined_abc\bach23_a.mid,Bach,23,a,0.63,0.76,6.4,0.031295844,2.723230657,1.361615328,0,0.4492,0,15.79,1.651,0.2856,1,1.182,1.196,0,0.02135,0.2923,0.2923,0.3203,0,0.6306,0.05085,0.2558,0.2558,0.02135,0,0,0,0.75,3,0,0.6346,2,3,0,7,0,35.12,0,0,63,3,0.006944,1.091,1.091,0.2222,0.1736,0,0.6042,120,2,14,51,3,1,1,4,0,2,1,0.5,8.593,0.5,62,6.153,0.566,0.005208,2.441,120,0.25,0.25,0,2,0.0625,0.2288,0.05932,0.08475,0.0678,5.988,0.09322,0.1186,0.05085,0.02542,1,0.006944,0.125,0.5,0,0,56,1,0.25,4,0,4.1,1.957,2.05,0.7456,2.05,2,0,0,2,6,10,10,10,1,26,10,10,4,4,0,0.125,0,0,0,0,1,0.02135,0.3148,4.753,5.61,0.1322,0.2123,3.467,2.159,5.076,-0.3388,8.978,0.2,0.2,0.9167,0.006944,0.09722,0.2917,0.1186,0.07639,0.1528,0.7014,0.2222,0.2037,0.7361,0,0.7014,1,36,7,0.4306,1,0.8571,0.2277,1,1,0,1,1,1,0.1186,0,0,13.46,1.557,0.6088,0.02455,0.02455,0,7,44,44,0,0.25,0.125,1,0,0.1525,1.01,1.01,0.1273,0.1273,0.1286,0.1286,0,1,3,48,48,0,144,0,0,0,2.973,0.433,0.311,0,0,0,0.3857,0.3972,0.433,0.03583,0.3203,0,0.2,0.04364,0.03704,0.03636,0.07407,0.2037,0.03704,0.01852,0.1111,0.4074,0,0,0,0,0,0,0,0,0,0,0,0
C:\Users\Sui Wei En\Downloads\Combined_abc\bach24_a.mid,Bach,24,a,0.7,0.8,10.66666667,0.08951049,3.36751211,1.683756055,0,0.5211,0,14.2,1.586,0.2874,1,1.117,1.13,0,0.006645,0.2844,0.2844,0.1491,0,0.6388,0.03448,0.246,0.246,0.006645,0,0,0,0.4286,1,0,0.5145,2,2,0,7,0,75.25,0,0,62,2,0.003401,3,3,0.2075,0.1429,0,0.6497,120,2,5,42,6,1,1,2,0,1,1,1,8.291,1,62,5.707,0.5748,0,2.014,120,1,1,0,2,0.02721,0.2337,0.05364,0.04981,0.09195,5.651,0.06897,0.0728,0.2107,0.04598,1,0.003401,0.125,2.667,0,3,64,4,0.5,5,0.06452,3.907,1.39,1.953,0.4818,1.953,2,0,0,3,4,10,10,12,1,36,10,10,6,6,0,0,0,0,0.2857,0,0.871,0.006645,0.4245,4.831,5.673,-0.2635,0.8292,3.331,2.634,5.45,-0.4771,8.513,0.3,0.3,0.75,0,0.006803,0.7279,0.1533,0.07483,0.1395,0.4558,0.2264,0.1698,0.7279,0,0.2721,1,41,5,0.2109,1,0.6,0.597,1,1,0,1,1,1,0.07663,0,0,7.705,0.7347,0.3055,0.02476,0.02476,0,3,40,40,0,0.25,0.2857,1,0.06452,0.09579,1.225,1.225,0.1106,0.1106,0.1355,0.1355,0,1,2,120,120,0,294,0,0,0,1.623,0,0.1528,0,0,0,0.3607,0.455,0,0,0.1491,0,0.1778,0.006689,0,0.02341,0.07547,0.1226,0.2264,0.1509,0.217,0.2075,0,0,0,0,0,0,0,0,0,0,0,0
C:\Users\Sui Wei En\Downloads\Combined_abc\bach2_a.mid,Bach,2,a,0.48,0.75,8.533333333,0.033241674,3.64142895,1.820714475,0,0.5198,0,70.74,7.333,0.1324,1,1.699,1.712,0,0.01749,0.1384,0.1384,0.1395,0,0.285,0.04455,0.2041,0.2041,0.01749,0,0,0,0.32,2,0,0.8737,2,6,0,4,0,28.58,0,0,48,0,0.002747,1.333,1.333,0.2967,0.04121,0,0.6621,120,3,9,62,2,1,1,4,0,2,1,1,9.505,1,58,4.706,0.2651,0.0002289,52,120,1,1,0,6,0,0.2426,0.1089,0.08911,0.0495,4.56,0.1386,0.1089,0.104,0.0495,1,0.002747,0.125,1.625,0,12,60,2,0.25,9,0.00641,12.73,5.001,6.367,3.24,6.367,2,0,1,1,4,10,10,11,1,33,10,10,3,3,0,0.03333,0,0,0.4333,0,0.9936,0.01749,0.05521,5.127,4.457,-0.2692,0.7416,3.276,4.123,5.786,-0.05195,7.456,0.3,0.3,0.461,0.005495,0.002747,0.005495,0.1089,0.09341,0.1566,0.9918,0.4724,0.2178,0.9918,0,0.9918,1,43,7,0.1593,1,0.9545,0.00277,0.9825,0.8529,0,1,1,1,0.0198,0,0,294.5,0.2173,0.2086,0.02355,0.02355,0,3,120,120,0,0.25,0.2133,1,0,0.08911,1.012,1.012,0.1014,0.1014,0.1027,0.1027,0,1,3,160,160,0,364,0,0,0,99.55,0,0.104,0,0,0,0.4684,0.4625,0,0.004368,0.1395,0,0.08306,0.04896,0.01534,0.1558,0.0184,0.02454,0.006135,0.006135,0.5828,0.2853,0.006135,0.006135,0,0,0,0,0,0,0,0,0,0
C:\Users\Sui Wei En\Downloads\Combined_abc\bach3_a.mid,Bach,3,a,0.62,0.47,6.4,0.121212121,3.124893364,1.562446682,0,0.4888,0,21.31,2.051,0.206,1,1.319,1.383,0,0.01156,0.1883,0.1883,0.1156,0,0.4384,0.04036,0.2469,0.2469,0.01156,0,0,0,0,1,0,0.67,12,5,0,3,0,43.25,0,0,77,5,0.003484,1.35,1.35,0.1533,0.3519,0,0.4948,120,7,17,49,1,1,1,1.5,0,0.75,1,1,9.538,1,65,5.589,0.412,0,2.142,120,1,1,0,2,0.01394,0.2466,0.139,0.04484,0.06726,5.267,0.07175,0.13,0.1031,0.004484,1,0.003484,0.125,0.7692,0,12,56,8,0.25,5,0,6.636,0.8994,3.318,0.4751,3.318,1,1,1,2,4,10,10,12,1,32,10,10,4,4,0,0,0,0,0,0,0.9417,0.01156,0.4555,4.925,7.123,-0.3811,-0.7462,3.236,2.801,5.024,0.1191,10.62,0.2,0.2,0.8485,0.02439,0,0.4181,0.139,0.122,0.2753,0.5819,0.1728,0.1466,0.9094,0,0.5819,1,39,4,0.2265,1,0.6452,0.5629,0.5316,0.5429,0,1,1,1,0.08969,0,0,11.97,1.84,0.2642,0.02458,0.02458,0,0,40,40,0,0.25,0,1,0.05825,0.1031,1.031,1.031,0.1216,0.1216,0.1253,0.1253,0,1,1,54,54,0,287,0,0,0,1.932,0,0.1321,0,0,0,0.5022,0.7663,0,0,0.1156,0,0.1235,0.06433,0,0.04971,0.1466,0.1361,0.1728,0.08377,0.199,0.2356,0.01571,0,0,0,0,0,0,0,0,0,0,0
C:\Users\Sui Wei En\Downloads\Combined_abc\bach4_a.mid,Bach,4,a,0.43,0.42,6.4,0.123076923,3.109045814,1.554522907,0,0.4061,0,7.72,1.629,0.5242,1,1.015,1.015,0,0.006218,0.5234,0.5234,0.6178,0,1.125,0.0917,0.4035,0.4035,0.006218,0,0,0,0,2,0,0.4,2,1,0,4,0,120.6,0,0,49,1,0.00431,1.5,1.5,0.2414,0.2759,0,0.4828,120,5,2,66,6,1,1,8,0,3.5,1,0.75,4.463,0.75,63,5.172,1.079,0.03879,2.297,120,1,1,0,1,0.02155,0.01747,0.0131,0.03493,0.1921,6.986,0.04803,0.0786,0.2489,0.06114,1,0.00431,0.125,1.85,0,5,73,1,0.5,7,0,1.923,1.034,0.9617,0.5551,0.9617,4,0,0,1,9,10,10,11,1,38,5,5,5,5,0,0,0,0,0,0,1,0.006218,0.5714,4.845,5.809,-0.7425,-0.9757,3.344,2.757,5.16,-0.6188,10.53,0.6,0.6,0.5,0.1466,0.1379,0.8578,0.1921,0.08621,0.1638,0.6853,0.5714,0.2857,0.7069,0.0431,0.02155,1,45,9,0.2716,1,0.8409,0.1572,0.9211,0.8,0,1,1,1,0.06114,0,0,14.22,1.297,1.339,0.03176,0.03176,0,8,80,80,0,0.25,0,1,0,0.2445,1.141,1.141,0.1885,0.1885,0.215,0.215,0,1,3,120,120,0,232,0,0,0,2.532,0.3536,0.6153,0,0,0,0.1199,0.1199,0.3536,0.182,0.6178,0,0.1667,0,0.1429,0,0,0.5714,0,0,0.2857,0,0,0,0,0,0,0,0,0,0,0,0,0
C:\Users\Sui Wei En\Downloads\Combined_abc\bach5_a.mid,Bach,5,a,0.77,0.72,8.533333333,0.030432715,3.511573566,1.755786783,0,0.4022,0,15.9,1.798,0.185,1,1.399,1.44,0,0.01609,0.168,0.168,0.1539,0,0.3618,0.1006,0.2417,0.2417,0.01609,0,0,0,0.1111,1,0,0.5621,2,6,0,6,0,31.08,0,0,50,2,0.004202,2,2,0.1429,0.3193,0,0.5378,120,9,3,55,7,1,1,4,0,2,1,1,8.419,1,66,5.697,0.3687,0.001401,2.867,120,1,1,0,2,0,0.2067,0.01676,0.1006,0.1453,5.319,0.01676,0.03352,0.1955,0.03911,1,0.004202,0.125,1.188,0,5,71,2,0.25,3,0.02135,7.657,1.632,3.828,0.7344,3.828,4,0,0,2,5,11,11,12,1,40,10,10,2,2,0,0.1111,0,0,0.4444,0,0.9786,0.01609,0.167,4.884,5.994,-0.268,0.3393,3.387,2.526,6.277,-0.8194,9.876,0.2,0.2,0.8529,0.004202,0.004202,0.3782,0.1453,0.08403,0.1639,0.6176,0.2272,0.1938,0.9832,0,0.6176,1,45,7,0.2773,1,0.7308,0.5918,0.8718,1,0,1,1,1,0.05587,0,0,123.6,1.263,0.2819,0.02277,0.02277,0,9,48,48,0,0.25,0.3333,1,0,0.1899,1.041,1.041,0.1185,0.1185,0.1233,0.1233,0,1,2,96,96,0,238,0,0,0,2.9,0,0.1408,0,0,0,0.5375,0.7679,0,0.01073,0.1539,0,0.3014,0.06131,0.008909,0.0654,0.06682,0.06682,0.03341,0.02673,0.2739,0.3274,0.1737,0,0,0,0,0,0,0,0,0,0,0
C:\Users\Sui Wei En\Downloads\Combined_abc\bach6_a.mid,Bach,6,a,0.5,0.76,6.4,0.124352332,3.143638953,1.571819476,0,0.3712,0,13.38,1.196,0.1783,1,1.747,2.021,0,0.03774,0.1726,0.1726,0.1712,0,0.3541,0.05303,0.1759,0.1759,0.03774,0,0,0,0.02479,5,0,0.4836,1,3,0,4,0,24.29,0,0,50,2,0.003774,1.297,1.297,0.2,0.2075,0,0.5925,120,5,12,38,2,1,1,4,0,2.25,1,0.9167,10.46,0.9167,62,5.026,0.3321,0.02453,24.09,120,1,1,0,4,0,0.303,0.09091,0.05303,0.05303,5.386,0.06061,0.2121,0.03788,0.05303,1,0.003774,0.125,0.6667,0.125,8,62,2,0.25,0,0,10.91,4.111,5.455,2.608,5.455,3,1,0,1,6,19,19,12,1,42,14,14,0,0,0,0.07438,0,0,0.1322,0,0.9311,0.03774,0.4761,4.819,4.965,0.02438,1.278,3.25,3.695,5.413,-0.3144,9.651,0.1429,0.1429,0.8407,0.007547,0.03019,0.05283,0.1136,0.08302,0.2075,0.9434,0.2631,0.2212,0.9472,0,0.9434,1,46,7,0.234,1,0.8667,0.028,0.6364,0.7727,0,1,1,1,0.07576,0.3571,0.3571,45.27,0.6394,0.3851,0.01746,0.01746,0,3,144,144,0,0.25,0.7686,1,0.06888,0.06061,1.151,1.151,0.08176,0.08176,0.09411,0.09411,0,1,2,111,111,0,265,0,0,0,45.63,0.1179,0.2015,0,0,0,0.5341,0.9989,0.1179,0.04785,0.1712,0,0.08323,0.1141,0.006985,0.2959,0.2631,0.1234,0.08964,0.01164,0.09546,0.3516,0.05006,0,0,0,0,0,0,0,0,0,0,0
C:\Users\Sui Wei En\Downloads\Combined_abc\bach7_a.mid,Bach,7,a,0.7,0.82,6.4,0.036415363,3.013200529,1.506600264,0,0.3864,0,16.02,1.662,0.3244,1,1.233,1.272,0,0.02302,0.3244,0.3244,0.3391,0,0.6853,0.06789,0.2218,0.2218,0.02302,0,0,0,0.2692,3,0.004926,0.544,3,6,0,6,0,124.9,0,0,51,3,0.002088,3,3,0.2129,0.1837,0,0.6033,120,7,15,65,5,1.25,1.25,4,0,2,1,0.6389,9.167,0.6389,62,5.096,0.6508,0.008351,2.444,120,0.5,0.5,0,1,0.07098,0.2742,0.02872,0.03916,0.1645,6.375,0.07833,0.047,0.1436,0.03133,1,0.002088,0.125,0.9643,0.07143,5,55,3,0.25,3,0.03941,3.836,1.455,1.918,0.8673,1.918,1,0,0,2,8,10,10,12,1,42,10,10,4,4,0,0.1538,0,0,0.2692,0,0.8867,0.02302,0.3069,4.761,4.324,0.08425,-1.544,3.42,4.254,5.214,-0.0705,9.949,0.3,0.3,0.8095,0.03549,0.1169,0.3486,0.1645,0.06681,0.1545,0.6347,0.2079,0.1683,0.6952,0,0.6347,1,46,7,0.1294,1,0.4603,0.25,0.9865,0.9375,0,1,1,1,0.04961,0,0,11.34,1.741,0.6909,0.02377,0.02377,0,9,40,40,0,0.25,0.3077,1,0.07389,0.1436,1.015,1.015,0.11,0.11,0.1117,0.1117,0,1,2,120,120,0,479,0,0,0,2.913,0.4167,0.3418,0,0,0,0.4793,0.5191,0.4167,0.04869,0.3391,0,0.09255,0.04952,0.0143,0.0625,0.1254,0.132,0.0429,0.0297,0.2376,0.3707,0.009901,0.006601,0,0,0,0,0,0,0,0,0,0
C:\Users\Sui Wei En\Downloads\Combined_abc\bach8_a.mid,Bach,8,a,0.17,0.37,8.533333333,0.130203443,3.393664934,1.696832467,0,0.3931,0,19.42,1.689,0.6369,1,2.011,2.153,0,0.007022,0.4859,0.4859,0.4319,0,1.079,0.04138,0.3666,0.3666,0.007022,0,0,0,0.2222,5,0.1241,0.544,6,2,0.05517,3,0,71.21,0,0,63,3,0.004184,1.111,1.111,0.2134,0.2092,0,0.5774,120,5,5,62,2,1,1,4,0,2,1,1,9.972,1,64,5.791,1.275,0.003487,2.234,120,1,1,0,2,0.05439,0.2966,0.04138,0.01379,0.02759,4.964,0.03448,0.1172,0.131,0.08276,1,0.004184,0.125,1.111,1.833,0,68,3,2,3,0.3103,3.356,0.8202,1.678,0.4466,1.678,1,0,0,2,8,10,10,12,1,39,7,7,4,4,0,0.4444,0,0,0.1111,0,0.1655,0.007022,0.3032,4.782,5.647,-0.1828,-1.063,3.433,3.117,5.49,-0.2931,9.894,0.2857,0.2857,0.4177,0.1046,0.4895,0.6736,0.1379,0.07113,0.1674,0.477,0.2794,0.1167,0.4017,0,0.3138,1,45,7,0.2678,1,0.6,0.6579,0.9,0.9412,0,1,1,1,0.1379,0,0,5.052,-0.796,0.8476,0.0278,0.0278,0,5,54,54,0.05517,0.25,0.2222,1,0.469,0.1172,1.039,1.039,0.1798,0.1798,0.1868,0.1868,0,1,2,60,60,0,239,0,0,0,1.411,0,0.4249,0,0,0,1.062,1.292,0,0.02837,0.4319,0,0.1919,0.1697,0.0008518,0.4137,0.07496,0.1116,0.1167,0.03918,0.1678,0.368,0.08518,0,0,0,0,0,0,0,0,0,0,0
C:\Users\Sui Wei En\Downloads\Combined_abc\bach9_a.mid,Bach,9,a,0.52,0.56,6.4,0.104065041,3.089892084,1.544946042,0,0.4874,0,19.23,1.682,0.3894,1,1.133,1.147,0,0.01478,0.4201,0.4201,0.3724,0,0.9433,0.05042,0.3354,0.3354,0.01478,0,0,0,1,3,0.04444,0.6216,2,1,0,6,0,50.75,0,0,64,4,0.006757,1.5,1.5,0.2095,0.223,0,0.5676,120,7,10,57,9,1,1,4,0,1.75,1,0.75,10.82,0.75,63,6.412,0.7855,0.006757,2.508,120,1,1,0,1,0.03378,0.395,0.05882,0.05882,0.08403,6.438,0.06723,0.02521,0.1261,0.02521,1,0.006757,0.125,1.5,0,5,59,4,0.5,3,0.08889,2.916,1.064,1.458,0.5136,1.458,0,0,0,1,7,10,10,12,1,34,6,6,5,5,0,0,0,0,0,0,0.8222,0.01478,0.1714,4.888,5.473,0.3709,0.9119,3.334,2.379,5.207,-0.08191,9.651,0.5,0.5,0.55,0.1081,0.1081,0.8919,0.08403,0.07432,0.1622,0.75,0.2857,0.1571,0.8108,0,0.06081,1,40,7,0.4257,1,0.9,0.0991,1,1,0,1,1,1,0.06723,0,0,12.61,1.193,0.7179,0.0283,0.0283,0,4,80,80,0,0.25,0,1,0.08889,0.09244,1.115,1.115,0.1585,0.1585,0.1768,0.1768,0,1,1,120,120,0,148,0,0,0,2.27,0.3536,0.3446,0,0,0,0.3936,0.4071,0.3536,0.05793,0.3724,0,0.25,0.025,0,0.045,0.08571,0.05714,0,0.08571,0.1857,0.4429,0.08571,0.02857,0,0,0,0,0,0,0,0,0,0
C:\Users\Sui Wei En\Downloads\Combined_abc\chopin10_a.mid,Chopin,10,a,0.45,0.34,19,0.812,3.016,3.016,0,0.5094,0,18.04,2.043,0.2806,1,1.728,1.728,0,0.02564,0.3443,0.3443,0.3605,0,0.7599,0.03774,0.278,0.278,0.02564,0,0,0,0,1,0.08333,0.5745,2,4,0,4,0,19.5,0,0,92,8,0.008547,1.5,1.5,0.2393,0.3761,0,0.3846,120,7,17,44,8,1,1,6,0,2.5,1,1,7.925,1,65,5.111,0.5256,0.05271,4.68,120,1,1,0.08333,3,0.03419,0.1509,0.1132,0.07547,0.07547,5.013,0.0566,0.1132,0.1321,0.01887,1,0.008547,0.125,6,0,0,61,1,0.25,7,0.3565,6,2.783,3,1.323,3,5,2,0,3,6,16,16,11,1,36,8,8,2,2,0,0,0,0.2353,0.7647,0,0.463,0.02564,0.3637,4.827,6.748,-0.8204,-0.9182,3.25,2.15,5.398,0.3319,14.68,0.5,0.5,0.6585,0.03419,0.01709,0.3932,0.1132,0.06838,0.2393,0.5983,0.2327,0.1532,0.7778,0.008547,0.5983,1,65,8,0.5556,1,1,0.3,0.9643,1,0,1,1,1,0.1132,0.125,0.125,57.68,1.327,0.6232,0.02123,0.02123,0,3,180,180,0,0.25,0.2353,1,0.1806,0.1509,1.232,1.232,0.1246,0.1246,0.1534,0.1534,0,1,2,120,120,0,117,0,0,0,5.684,0,0.2648,0,0,0,0.8407,0.8407,0,0.09762,0.3605,0,0.2766,0.05921,0.01908,0.1513,0,0.2327,0.131,0.006661,0.2065,0.2132,0.03997,0,0,0,0,0,0,0,0,0,0,0
C:\Users\Sui Wei En\Downloads\Combined_abc\chopin11_a.mid,Chopin,11,a,0.67,0.54,19,0.1776,1.837,1.837,0,0.5341,0,9.889,1.667,0.3248,1,1.185,1.287,0,0.01818,0.2982,0.2982,0.2408,0,0.7104,0.01136,0.3805,0.3805,0.01818,0,0,0,0.4,1,0,0.5467,2,9,0,5,0,27.5,0,0,78,6,0.009346,1.5,1.5,0.271,0.2336,0,0.4953,120,3,12,35,11,1,1,3,0,1.5,1,1,5.159,1,64,5.766,0.6495,0,6.294,120,1,1,0,2,0,0.02273,0.03409,0.1705,0.2159,5.145,0.04545,0.09091,0.1364,0.03409,1,0.009346,0.125,1,0,5,66,6,0.5,0,0,3.891,0.79,1.945,0.4495,1.945,4,1,2,1,4,10,10,9,1,24,5,5,5,5,0,0,0,0,0,0,1,0.01818,0.2973,5.425,6.294,-0.2288,1.371,3.064,1.82,5.685,-0.5836,9.848,0.6,0.6,1,0.09346,0.04673,0.8972,0.2159,0.1682,0.3458,0.8505,0.2973,0.2973,0.9065,0,0.05607,1,47,6,0.5981,1,0.7895,0.06593,0.4595,0.7222,0,1,1,1,0.1477,0,0,17.96,0.7894,0.5683,0.03004,0.03004,0,9,80,80,0,0.25,0.6,1,0,0.1023,1.049,1.049,0.1857,0.1857,0.1948,0.1948,0,1,2,120,120,0,107,0,0,0,9.432,0,0.2841,0,0,0,0.3884,0.5619,0,0,0.2408,0,0.08824,0.01852,0,0.09259,0.2973,0,0,0,0.2973,0.3243,0.05405,0,0,0,0,0,0,0,0,0,0,0
C:\Users\Sui Wei En\Downloads\Combined_abc\chopin12_a.mid,Chopin,12,a,0.23,0.32,63,4.718,15.68,15.68,0,0.511,0,15.39,3.038,0.3877,1,1.493,1.656,0,0.01463,0.374,0.374,0.2088,0,0.8782,0.1324,0.5218,0.5218,0.01463,0,0,0,0.07865,2,0.01136,0.7572,1,5,0,2,0,102.5,0,0,63,3,0.002315,2,2,0.2454,0.1273,0,0.6273,120,8,8,44,8,2,2,4,0,1.75,1,1.5,4.967,1.5,61,6.039,0.7766,0.001157,7.855,120,2,2,0,2,0.002315,0.05147,0.08824,0.05147,0.09559,3.64,0.04044,0.04044,0.2132,0.03676,1,0.002315,0.125,1.148,3.625,2,59,3,0.5,5,0.02557,4.215,1.398,2.107,0.6704,2.107,6,0,0,2,6,6,6,12,1,47,5,5,5,5,0,0.3258,0,0.04494,0.2584,0.1236,0.8693,0.01463,0.5874,4.804,5.224,0.03413,0.02552,3.459,2.993,5.972,-0.461,10.23,0.6,0.6,0.891,0.01157,0.0162,0.9676,0.1434,0.0787,0.1759,0.4838,0.2305,0.2054,0.5023,0,0.01852,1,55,7,0.1412,1,0.9231,0.9952,0.9079,0.8824,0,1,1,1,0.1066,0,0,27.16,2.134,0.3889,0.03626,0.03626,0,0,60,60,0,0.25,0.3371,1,0.1051,0.2757,1.12,1.12,0.2461,0.2461,0.2757,0.2757,0,1,2,120,120,0,432,0,0,0,10.57,0.7071,0.19,0,0,0,0.6032,0.7196,0.7071,0.02406,0.2088,0,0.05588,0.09406,0,0.1064,0.2028,0.1515,0.2305,0.01225,0.1194,0.2403,0.03559,0.002542,0,0,0,0,0,0,0,0,0,0
C:\Users\Sui Wei En\Downloads\Combined_abc\chopin13_a.mid,Chopin,13,a,0.73,0.69,19,0.1275,1.101,1.101,0,0.6607,0,14.07,1.408,0.4546,1,1.569,1.63,0,0.005979,0.3577,0.3577,0.3315,0,1.222,0.01786,0.3956,0.3956,0.005979,0,0,0,0.1111,5,0.07143,0.615,5,6,0,6,0,83.62,0,0,61,1,0.003356,3,3,0.5168,0.0302,0,0.453,120,5,12,42,6,1,1,6,0,3,1,1,9.116,1,55,5.96,0.9094,0.003635,7.45,120,1,1,0,2,0.006711,0.1875,0.2634,0.1786,0.07589,3.515,0.04911,0.05357,0.04018,0,1,0.003356,0.125,1.25,0.6,12,54,6,0.5,9,0.1571,3.564,1.561,1.782,0.8009,1.782,3,1,2,1,8,9,9,9,1,27,5,5,5,5,0,0.5185,0,0.07407,0.07407,0,0.6905,0.005979,0.3199,5.042,5.986,-0.03731,0.1473,3.238,1.777,5.229,0.3588,10.77,0.6,0.6,0.7898,0.1477,0.1577,0.8221,0.2634,0.1275,0.3154,0.7248,0.1813,0.1432,0.7718,0.006711,0.04698,1,50,8,0.1846,1,0.678,0.1713,0.5319,0.8684,0,1,1,1,0.1071,0,0,11.9,1.298,0.9462,0.03152,0.03152,0,3,120,120,0,0.25,0.2963,1,0.1524,0.04464,1.04,1.04,0.1939,0.1939,0.2017,0.2017,0,1,1,40,40,0,298,0,0,0,28.71,0,0.4725,0,0,0,0.7603,0.8429,0,0.02076,0.3315,0,0.2249,0.08321,0,0.1243,0.06928,0.1282,0.1224,0.02079,0.2575,0.239,0.1178,0,0,0,0,0,0,0,0,0,0,0
C:\Users\Sui Wei En\Downloads\Combined_abc\chopin14_a.mid,Chopin,14,a,0.28,0.22,4.266666667,0.009899459,2.135806764,1.067903382,0,0.4514,0,6.549,1.014,0.1672,1,1,1,0,0.0202,0.1672,0.1672,0.006944,0,0.3391,0,0.2529,0.2529,0.0202,0,0,0,0,1,0,0.5,4,0,0,3,0,24.75,0,0,51,3,0.006897,1.5,1.5,0.7103,0,0,0.2897,120,3,9,46,10,1,1,0.5,0,0.25,1,1,6.507,1,50,5.938,0.2517,0.08276,48.33,120,1,1,0.08333,72,0,0,0.01389,0.1181,0.1389,5.011,0.08333,0.2986,0.2361,0.1042,1,0.006897,0.1667,0.619,0,8,51,3,0.25,0,0,5.859,0.3146,2.929,1.174,2.929,7,0,1,1,2,8,8,12,1,28,8,8,8,8,0,0,0,0,0,0,0,0.0202,0,4.869,5.33,-0.05387,-0.2627,3.457,3.15,5.368,-0.01753,7.081,0.5,0.5,0,0,0,0.006897,0.2083,0.09655,0.1586,0.9931,0,0,1,0,0.9931,1,28,1,0.3448,1,0.7,0.006944,1,0.8571,0,1,1,1,0,0,0,151.1,0.2491,0.02076,0.02638,0.02638,0,0,120,120,0,0.25,0,1,0,0.006944,1.014,1.014,0.1256,0.1256,0.1274,0.1274,0,1,2,180,180,0,145,0,0,0,40.99,0,0.00692,0,0,0,0,0,0,0.00692,0.006944,0,0,0,0,0,0,0,0,0,0,0,0,0,0,0,0,0,0,0,0,0,0,0
C:\Users\Sui Wei En\Downloads\Combined_abc\chopin15_a.mid,Chopin,15,a,0.65,0.73,63,1.184,6.506,6.506,0,0.691,0,15.99,1.954,0.4292,1,1.312,1.472,0,0.003355,0.4116,0.4116,0.3721,0,1.428,0.02247,0.4472,0.4472,0.003355,0,0,0,0.1961,2,0.03589,0.6914,12,3,0,3,0,149,0,0,77,5,0.001961,2,2,0.2,0.09216,0,0.7078,120,5,12,37,1,1,1,4,0,2,1,1,5.904,1,59,6.147,0.8578,0.0004902,4.679,120,1,1,0,2,0.01961,0.04775,0.1742,0.08989,0.1124,2.933,0.07303,0.08708,0.06742,0,1,0.001961,0.125,0.8462,0.6667,0,56,8,0.5,0,0.05085,3.422,1.504,1.711,0.7926,1.711,3,1,2,2,8,9,9,12,1,40,5,5,5,5,0,0.2941,0,0,0.2353,0.1373,0.8893,0.003355,0.5238,5.164,8.711,-1.78,-0.7778,3.124,2.292,6.06,0.1529,10.04,0.6,0.6,0.5035,0.02157,0.1216,0.9196,0.2809,0.2706,0.4529,0.6137,0.2992,0.1507,0.6529,0,0.03922,1,54,7,0.1157,1,0.62,0.3482,0.2511,0.442,0,1,1,1,0.2809,0,0,14.07,1.435,0.7482,0.0331,0.0331,0,3,60,60,0,0.25,0.2745,1,0.05982,0.06742,1.113,1.113,0.2117,0.2117,0.2355,0.2355,0,1,1,120,120,0,510,0,0,0,9.045,0,0.3739,0,0,0,0.5264,0.5989,0,0.006379,0.3721,0,0.07883,0.06059,0.009134,0.08163,0.2972,0.134,0.09065,0.01218,0.1293,0.2738,0.03349,0.00203,0,0,0,0,0,0,0,0,0,0
C:\Users\Sui Wei En\Downloads\Combined_abc\chopin16_a.mid,Chopin,16,a,0.3,0.26,63,0.8838,7.466,7.466,0,0.4611,0,12.46,2.368,0.1788,1,1.137,1.241,0,0.009288,0.1581,0.1581,0.06835,0,0.3809,0.08683,0.2306,0.2306,0.009288,0,0,0,0,1,0.09524,0.5372,3,9,0.2857,3,0,53.83,0,0,63,3,0.002703,2,2,0.3189,0.4108,0,0.2703,120,2,27,41,5,1,1,1,0,0.5,1,1,4.757,1,64,4.846,0.3601,0.002477,28.46,120,1,1,0,7,0,0.03593,0.05389,0.04192,0.1886,4.503,0.01796,0.0479,0.2335,0.02994,1,0.002703,0.125,0.5918,2,5,46,5,0.25,0,0.09524,6.873,1.286,3.437,0.6938,3.437,4,0,0,2,4,11,11,12,1,64,10,10,5,5,0,0.3333,0,0.1667,0.3333,0.1667,0.1905,0.009288,0.4519,4.946,5.278,-0.1411,-0.8514,3.274,3.514,5.285,-0.761,18.04,0.3,0.3,0.4288,0.02973,0,0.3027,0.1886,0.04595,0.1784,0.6973,0.2838,0.1217,0.9162,0,0.6973,1,74,3,0.173,1,0.7937,0.314,0.8333,0.9412,0,1,1,1,0.1138,0,0,9.514,1.663,0.1987,0.0231,0.0231,0,9,60,60,0.2857,0.25,0.3333,1,0.4286,0.2365,1.045,1.045,0.1128,0.1128,0.1178,0.1178,0,1,3,120,120,0,370,0,0,0,62.18,0,0.09716,0,0,0,0.5476,0.6531,0,0.01417,0.06835,0,0.202,0.0375,0,0.04375,0.2838,0.07509,0.09305,0.04658,0.1683,0.2118,0.1214,0,0,0,0,0,0,0,0,0,0,0
C:\Users\Sui Wei En\Downloads\Combined_abc\chopin17_a.mid,Chopin,17,a,0.6,0.48,19,0.1324,1.12,1.12,0,0.6094,0,33.78,4.195,0.2789,1,1.736,2.099,0,0.01507,0.3195,0.3195,0.2396,0,0.8697,0.0277,0.4031,0.4031,0.01507,0,0,0,0.07393,3,0.04685,0.8605,2,7,0.01081,4,0,116.1,0,0,60,0,0.001161,1.5,1.5,0.1243,0.09175,0,0.784,120,5,7,51,3,1,1,4,0,1.75,1,0.5833,9.266,0.5833,62,5.646,0.5595,0.001742,14.35,120,0.5,0.5,0,2,0.00813,0.1496,0.2632,0.06648,0.06925,3.205,0.1717,0.08587,0.04432,0.01662,1,0.001161,0.125,1.667,0.07143,12,63,3,0.5,0,0.1297,7.414,3.901,3.707,2.084,3.707,1,0,2,1,7,5,5,12,1,42,5,5,5,5,0,0.3658,0,0.0428,0.3424,0.1595,0.8054,0.01507,0.5503,4.782,5.431,-0.3143,-1.119,3.381,3.304,6.254,-0.2146,7.437,0.6,0.6,0.7434,0.02439,0.01626,0.9814,0.2632,0.108,0.1812,0.9524,0.2266,0.1685,0.9582,0,0.005807,1,51,7,0.07201,1,0.3368,0.01585,0.9487,0.871,0,1,1,1,0.04709,0,0,59.08,0.5086,0.3511,0.03369,0.03369,0,7,80,80,0.01081,0.25,0.2179,1,0.05405,0.08587,1.032,1.032,0.1984,0.1984,0.2047,0.2047,0,1,1,120,120,0,861,0,0,0,54.8,0.2041,0.1674,0,0,0,0.6887,0.9524,0.2041,0.02948,0.2396,0,0.1554,0.07432,0.002717,0.1585,0.2266,0.1685,0.1553,0.02853,0.161,0.1542,0.09102,0,0,0,0,0,0,0,0,0,0,0
C:\Users\Sui Wei En\Downloads\Combined_abc\chopin18_a.mid,Chopin,18,a,0.38,0.73,44,1.443,6.065,6.065,0,0.265,0,15.34,1.785,0.2265,1,1.484,1.819,0,0.02147,0.1777,0.1777,0.2071,0,0.4033,0.05983,0.1326,0.1326,0.02147,0,0,0,0,1,0.04663,0.5431,4,3,0,3,0,23.29,0,0,60,0,0.005464,1.667,1.667,0.235,0.1913,0,0.5738,120,5,5,29,5,1,1,4,0,2,1,1,8.598,1,61,4.803,0.4344,0.01867,5.382,120,1,1,0,3,0,0.2222,0.04274,0.03419,0.1368,6.073,0.04274,0.1795,0.1026,0.07692,1,0.005464,0.125,2,6.857,9,60,0,0.25,0,0.08808,7.857,3.663,3.928,1.576,3.928,3,1,0,2,4,23,23,12,1,51,17,17,0,0,0,0.03846,0,0,0.3077,0.1923,0.6269,0.02147,0.4893,4.882,4.57,-0.1638,-0.3209,3.603,4.139,6.178,-0.01957,12.57,0.1765,0.1765,0.6411,0,0.04372,0.1803,0.1453,0.08743,0.2022,0.7869,0.289,0.1853,0.9563,0,0.7869,1,63,7,0.3333,1,0.9412,0.2153,0.7838,0.625,0,1,1,1,0.008547,0.2353,0.2353,27.9,0.8039,0.6883,0.01532,0.01532,0,3,96,96,0,0.25,0.6538,1,0.285,0.1538,1.069,1.069,0.06409,0.06409,0.06854,0.06854,0,1,2,160,160,0,183,0,0,0,5.836,0,0.342,0,0,0,0.7162,0.9514,0,0.03484,0.2071,0,0.1351,0.1298,0.0482,0.2084,0.289,0.1009,0.09942,0.006025,0.09942,0.2922,0.03314,0,0,0,0,0,0,0,0,0,0,0
C:\Users\Sui Wei En\Downloads\Combined_abc\chopin19_a.mid,Chopin,19,a,0.5,0.57,63,0.6546,5.549,5.549,0,0.6284,0,7.158,1.857,0.1761,1,1.021,1.043,0,0.007101,0.1685,0.1685,0.02363,0,0.5753,0.1711,0.25,0.25,0.007101,0,0,0,0,3,0,0.5101,1,5,0,4,0,70.42,0,0,70,10,0.002415,1.333,1.333,0.3986,0.1763,0,0.4251,120,7,24,39,3,1,1,2,0,1,1,1,2.34,1,60,6.13,0.2705,0.08172,59.14,120,1,1,0.08333,3,0,0.00978,0.01222,0.0709,0.07824,2.941,0.00978,0.01467,0.1394,0.002445,1,0.002415,0.1667,1.591,0,0,46,10,0.25,5,0,5.879,1.593,2.94,0.3055,2.94,3,1,1,1,4,8,8,12,1,42,8,8,8,8,0,0,0,0,0,0,1,0.007101,1,4.761,5.352,-0.7742,-1.458,3.369,3.578,4.771,-0.7059,12.32,0.375,0.375,0.8936,0,0.007246,0.01932,0.3961,0.1498,0.2633,0.9807,0.3695,0.3302,0.9831,0,0.9807,1,50,5,0.1449,1,0.4321,0.009852,0.633,0.5161,0,1,1,1,0.3961,0,0,94.41,0.372,0.1656,0.02693,0.02693,0,0,90,90,0,0.25,0,1,0,0.2665,1.005,1.005,0.1247,0.1247,0.1253,0.1253,0,1,1,120,120,0,414,0,0,0,78.99,0,0.07777,0,0,0,0.1449,0.2898,0,0.01149,0.02363,0,0,0,0,0,0.3302,0.3003,0.3695,0,0,0,0,0,0,0,0,0,0,0,0,0,0,0
C:\Users\Sui Wei En\Downloads\Combined_abc\chopin1_a.mid,Chopin,1,a,0.57,0.79,6.4,0.018233618,2.029266997,1.014633498,0,0.5312,0,12.04,1.679,0.151,1,1.411,1.411,0,0.03141,0.1588,0.1588,0.06821,0,0.3387,0.05208,0.201,0.201,0.03141,0,0,0,0,2,0,0.4382,5,2,0,3,0,15.92,0,0,55,7,0.006944,2,2,0.1736,0.04167,0,0.7847,120,7,4,55,7,1,1,0.75,0,0.375,1,1,6.771,1,60,4.868,0.2882,0.02431,6.261,120,1,1,0,1,0,0.09375,0.07292,0.1667,0.09375,4.663,0.1042,0.07292,0.1042,0.01042,1,0.006944,0.125,2.333,0,7,60,7,0.25,5,0,9.047,5.723,4.524,1.993,4.524,4,2,3,1,2,15,15,12,1,28,11,11,1,1,0,0.2778,0,0,0.2778,0,1,0.03141,0.5,5.039,6.77,-0.1147,1.052,3.45,3.309,6.663,-0.5575,9.23,0.2727,0.2727,0.6522,0.07639,0,0.07639,0.1667,0.1181,0.2361,0.9236,0.3026,0.1974,0.9236,0,0.9236,1,44,2,0.4167,1,0.9375,0.08271,0.8824,1,0,1,1,1,0.07292,0.09091,0.09091,14.64,0.8598,0.1333,0.01993,0.01993,0,7,60,60,0,0.25,0.4444,1,0,0.2083,1.088,1.088,0.09628,0.09628,0.1047,0.1047,0,1,2,120,120,0,144,0,0,0,19.3,0,0.05765,0,0,0,0.492,0.492,0,0.03801,0.06821,0,0.09353,0.06486,0.01974,0.07297,0,0.1974,0.3026,0.02632,0.07895,0.3355,0,0,0,0,0,0,0,0,0,0,0,0
C:\Users\Sui Wei En\Downloads\Combined_abc\chopin20_a.mid,Chopin,20,a,0.73,0.53,10.66666667,0.102564103,4.630630091,2.315315046,0,0.3889,0,94.5,17.5,0.5224,1,1.931,2.757,0,0.02703,0.4861,0.4861,0.2863,0,0.9729,0,0.4196,0.4196,0.02703,0,0,0,0.02128,1,0,0.9714,3,5,0,4,0,18.5,0,0,55,7,0.01053,3,3,0.3684,0.03158,0,0.6,120,7,7,24,0,1,1,4,0,2,1,1,10.06,1,55,4.295,1.045,0,5.278,120,1,1,0,3,0.06316,0.25,0,0.08333,0.02778,4.845,0.1111,0.1944,0.1389,0.1111,1,0.01053,0.125,0.6667,1.867,9,60,0,1,0,0.1282,5.135,1.552,2.568,0.9906,2.568,2,1,1,1,4,8,8,11,1,36,7,7,3,3,0,0.1702,0,0.02128,0.5532,0.383,0.3205,0.02703,0.5439,4.888,4.715,-0.6039,1.676,3.503,4.107,6.076,-0.9431,12.49,0.4286,0.4286,0.4958,0.1368,0.04211,0.8947,0.1389,0.1263,0.2421,0.7579,0.2982,0.1479,0.06316,0,0.06316,1,51,7,0.5789,1,0.8,0.1806,0.7391,0.5833,0,1,1,1,0.02778,0,0,22.36,0.2057,0.6523,0.0305,0.0305,0,5,40,40,0,0.25,0.2553,1,0.5513,0.05556,1.273,1.273,0.1846,0.1846,0.235,0.235,0,1,2,120,120,0,95,0,0,0,6.944,0,0.3262,0,0,0,0.9402,0.8354,0,0,0.2863,0,0.06971,0.3403,0,0.2569,0.2982,0.09774,0.1479,0.01504,0.1679,0.2231,0.03258,0,0,0,0,0,0,0,0,0,0,0
C:\Users\Sui Wei En\Downloads\Combined_abc\chopin21_a.mid,Chopin,21,a,0.48,0.83,63,1.943,7.173,7.173,0,0.3976,0,27.12,3.951,0.3826,1,1.639,1.803,0,0.007968,0.3719,0.3719,0.3443,0,0.7879,0.06024,0.4301,0.4301,0.007968,0,0,0,0.1786,5,0,0.858,7,6,0,3,0,62.75,0,0,77,5,0.003378,3,3,0.2399,0.1858,0,0.5743,120,7,5,62,2,1,1,3,0,1.5,1,1,6.867,1,62,5.5,0.7652,0,8.706,120,1,1,0,1,0.0473,0.06024,0.1205,0.04819,0.2349,4.272,0.06024,0.1386,0.1205,0.09639,1,0.003378,0.125,0.6667,0.5714,5,58,10,0.5,9,0.04225,4.717,2.499,2.359,1.193,2.359,3,1,1,1,6,5,5,12,1,43,5,5,5,5,0,0.09524,0,0,0.2262,0.03571,0.8803,0.007968,0.3209,4.75,4.873,0.4486,-0.2768,3.344,3.515,6.087,0.1115,10.18,0.6,0.6,0.7652,0.09459,0.09122,0.9054,0.2349,0.1081,0.2061,0.8243,0.2223,0.1701,0.8311,0,0.006757,1,54,6,0.2095,1,0.5128,0.1066,0.7541,0.7812,0,1,1,1,0.0241,0,0,11.62,1.111,0.7162,0.03474,0.03474,0,3,40,40,0,0.25,0.5,1,0.07746,0.09639,1.054,1.054,0.2094,0.2094,0.2207,0.2207,0,1,3,120,120,0,296,0,0,0,30.28,0,0.3581,0,0,0,0.6061,0.805,0,0,0.3443,0,0.1086,0.06426,0,0.1767,0.1524,0.0758,0.07824,0.03991,0.3493,0.2318,0.03628,0.01451,0,0,0,0,0,0,0,0,0,0
C:\Users\Sui Wei En\Downloads\Combined_abc\chopin22_a.mid,Chopin,22,a,0.53,0.25,44,1.029,5.006,5.006,0,0.5682,0,20.54,2.674,0.3642,1,1.296,1.603,0,0.04545,0.3655,0.3655,0.1745,0,0.8362,0.09091,0.419,0.419,0.04545,0,0,0,0.02222,2,0,0.7805,9,4,0,2,0,49.5,0,0,60,0,0.004808,2,2,0.399,0.1394,0,0.4615,120,7,7,43,7,1,1,2,0,1,1,0.6429,7.583,0.6429,57,5.173,0.7284,0,5.2,120,0.5,0.5,0,2,0.07692,0.1439,0.1288,0.1136,0.06061,4.81,0.09848,0.06818,0.1439,0.01515,1,0.004808,0.125,3.75,0,12,67,7,0.5,0,0.0566,4.202,1.61,2.101,0.8351,2.101,4,0,0,2,6,7,7,12,1,45,5,5,5,5,0,0.04444,0,0,0.7778,0.6444,0.9434,0.04545,0.5393,4.661,4.53,-0.6957,-0.08958,3.566,3.864,5.176,-0.3216,12.92,0.4,0.4,0.4322,0.07212,0.02885,0.9712,0.1288,0.06731,0.1779,0.6154,0.4545,0.1964,0.6442,0,0.02885,1,52,5,0.274,1,0.8824,0.4141,0.7838,0.7857,0,1,1,1,0.06818,0,0,8.281,1.818,0.3769,0.03326,0.03326,0,4,120,120,0,0.25,0.1556,1,0,0.1591,1.053,1.053,0.2041,0.2041,0.2149,0.2149,0,1,4,60,60,0,208,0,0,0,8.89,0.244,0.1884,0,0,0,0.4902,0.6225,0.244,0,0.1745,0,0.1963,0.1323,0,0.04233,0.4545,0.02312,0.06165,0.01541,0.03853,0.2581,0.06165,0,0,0,0,0,0,0,0,0,0,0
C:\Users\Sui Wei En\Downloads\Combined_abc\chopin23_a.mid,Chopin,23,a,0.27,0.76,0,0,0,0,0,0.535,0,12.38,1.394,0.203,1,1.201,1.201,0,0.01681,0.1831,0.1831,0.1893,0,0.4499,0.05096,0.2054,0.2054,0.01681,0,0,0,0,1,0,0.5172,2,3,0,5,0,29.75,0,0,72,0,0.00578,1.6,1.6,0.104,0.4277,0,0.4682,120,5,12,41,5,1,1,3,0,1.5,1,1,8.376,1,70,4.584,0.4032,0.00289,5.242,120,1,1,0,2,0.01734,0.1783,0.1083,0.1592,0.1146,6.495,0.05732,0.1911,0.03185,0.006369,1,0.00578,0.125,0,0,7,60,0,0.25,7,0.03333,5.815,2.382,2.908,1.148,2.908,4,1,0,1,5,10,10,9,1,36,10,10,4,4,0,0,0,0,0,0,0.4333,0.01681,0.375,4.826,5.209,-0.3485,1.321,3.583,4.215,5.544,-0.2333,13.31,0.2,0.2,0.6667,0.00578,0.05202,0.1792,0.1592,0.08092,0.2717,0.815,0.375,0.25,0.9017,0,0.815,1,60,6,0.4046,1,0.76,0.1064,0.7234,0.9286,0,1,1,1,0.07643,0,0,18.75,1.042,0.4409,0.02334,0.02334,0,4,60,60,0,0.25,0,1,0.5333,0.07643,1.007,1.007,0.1023,0.1023,0.103,0.103,0,1,2,96,96,0,173,0,0,0,19.9,0,0.2201,0,0,0,0.553,0.553,0,0.01529,0.1893,0,0.1228,0.06838,0.03125,0.004274,0,0.375,0,0,0.25,0.2656,0.0625,0,0,0,0,0,0,0,0,0,0,0
C:\Users\Sui Wei En\Downloads\Combined_abc\chopin24_a.mid,Chopin,24,a,0.62,0.22,63,2.052,7.643,7.643,0,0.711,0,19,1.968,0.2131,1,1.041,1.147,0,0.01212,0.2005,0.2005,0.1692,0,0.5876,0.01661,0.229,0.229,0.01212,0,0,0,0,1,0,0.5202,12,8,0,3,0,61.88,0,0,69,9,0.00304,2,2,0.6413,0.08815,0,0.2705,120,4,15,26,2,1,1,3,0,1.375,1,0.75,8.076,0.75,51,5.474,0.4278,0.00152,2.253,120,1,1,0,1,0.006079,0.2159,0.1362,0.09967,0.01993,4.498,0.03987,0.09302,0.1429,0.01661,1,0.00304,0.125,0.3871,0,0,53,9,0.25,0,0,5.317,1.989,2.659,1.013,2.659,4,1,0,2,7,10,10,12,1,51,10,10,3,3,0,0,0,0,0.9333,0.8667,0.5714,0.01212,0.5765,4.818,4.761,0.4367,1.65,3.257,3.801,5.679,0.2249,14.23,0.3,0.3,0.2177,0.04863,0.0152,0.3495,0.1761,0.07599,0.2097,0.6444,0.4868,0.106,0.8936,0,0.6444,1,63,6,0.155,1,0.7736,0.3868,0.8261,0.96,0,1,1,1,0.1761,0,0,22.37,1.425,0.3744,0.0243,0.0243,0,8,40,40,0,0.25,0.06667,1,0.4286,0.0598,1.046,1.046,0.112,0.112,0.1171,0.1171,0,1,2,80,80,0,329,0,0,0,1.428,0.3536,0.1821,0,0,0,0.2525,0.4554,0.3536,0.01946,0.1692,0,0.04507,0.01636,0.04313,0.01431,0.4868,0,0.08969,0,0.1861,0.1943,0,0,0,0,0,0,0,0,0,0,0,0
C:\Users\Sui Wei En\Downloads\Combined_abc\chopin2_a.mid,Chopin,2,a,0.6,0.89,4.266666667,0.049042146,1.883513934,0.941756967,0,0.5156,0,24.5,3.111,0.3706,1,1.398,1.516,0,0.01778,0.416,0.416,0.4499,0,0.9525,0.1719,0.4024,0.4024,0.01778,0,0,0,0,4,0,0.7857,1,7,0,5,0,28.12,0,0,64,4,0.00885,1.5,1.5,0.646,0,0,0.354,120,3,5,28,4,1,1,6,0,2.75,1,1,7,1,50,5.655,0.75,0.00885,6.278,120,1,1,0,1,0.02655,0.2969,0.04688,0.01562,0.03125,2.975,0.01562,0.03125,0.1406,0.01562,1,0.00885,0.125,2,0,1,40,4,0.5,7,0,4.018,3.399,2.009,1.717,2.009,6,0,0,1,8,5,5,12,1,28,5,5,5,5,0,0,0,0,0.09091,0,0.9,0.01778,0.459,4.993,5.902,-0.308,0.2256,3.361,2.942,5.831,-0.03955,8.056,0.4,0.4,0.8667,0.06195,0.0885,0.9469,0.1719,0.0885,0.1416,0.8053,0.2459,0.2131,0.8319,0.00885,0.02655,1,41,8,0.4425,1,0.7273,0.07692,1,0.9,0,1,1,1,0.125,0,0,28.31,0.959,0.7821,0.03422,0.03422,0,0,120,120,0,0.25,0.9091,1,0.1,0.2812,1.017,1.017,0.1996,0.1996,0.2029,0.2029,0,1,1,80,80,0,113,0,0,0,21.15,0,0.3675,0,0,0,0.5586,0.5676,0,0.06622,0.4499,0,0.1509,0.04525,0,0.0543,0.2131,0.2459,0,0.06557,0.2295,0.1803,0.06557,0,0,0,0,0,0,0,0,0,0,0
C:\Users\Sui Wei En\Downloads\Combined_abc\chopin3_a.mid,Chopin,3,a,0.65,0.4,0,0,5.05E-13,2.52E-13,0,0.1068,0,10.61,1.667,0.2331,1,1.188,1.238,0,0.0122,0.1868,0.1868,0.2613,0,0.397,0.004854,0.2057,0.2057,0.0122,0,0,0,0,5,0,0.5268,3,5,0,5,0,41,0,0,62,2,0.004651,1.5,1.5,0.3349,0.08372,0,0.5814,120,7,7,43,7,1,1,4,0,2,1,1,6.485,1,57,5.972,0.4709,0.004651,11.94,120,1,1,0,2,0.009302,0.1165,0.01942,0.01456,0.4126,6.686,0.0534,0.1165,0.009709,0.004854,1,0.004651,0.125,1,0,5,57,2,0.25,3,0,5.244,2.963,2.622,1.433,2.622,4,2,4,1,6,10,10,10,1,32,10,10,6,6,0,0.6667,0,0,0.3333,0,1,0.0122,0.5161,4.783,9.246,-0.8669,-0.1441,3.557,2.034,7.432,0.3016,9.856,0.4,0.4,0.8,0.02791,0.07442,0.06047,0.4126,0.1442,0.2093,0.8977,0.2688,0.2151,0.8977,0,0.8977,1,59,7,0.2651,1,0.5882,0.03627,0.9556,0.8387,0,1,1,1,0.004854,0,0,18.84,0.8968,0.739,0.02422,0.02422,0,8,60,60,0,0.25,0,1,0,0.2476,1,1,0.1028,0.1028,0.1028,0.1028,0,1,2,40,40,0,215,0,0,0,38.75,0,0.3634,0,0,0,0.3909,0.5291,0,0.03386,0.2613,0,0,0,0,0.07716,0.172,0.172,0.172,0,0.2151,0.2688,0,0,0,0,0,0,0,0,0,0,0,0
C:\Users\Sui Wei En\Downloads\Combined_abc\chopin4_a.mid,Chopin,4,a,0.37,0.85,8.533333333,0.065211063,2.161320126,1.080660063,0,0.3765,0,24.3,4.1,0.3457,1,2.039,2.177,0,0.01506,0.3789,0.3789,0.346,0,0.9213,0.09412,0.403,0.403,0.01506,0,0,0,0.03922,2,0.1111,0.8171,1,1,0,3,0,33.21,0,0,59,11,0.004854,2,2,0.4175,0.02913,0,0.5534,120,7,5,35,11,1,1,3,0,1.5,1,1,7.694,1,56,5.786,0.6905,0.0008091,7.63,120,1,1,0,1,0.004854,0.04706,0.03529,0.03529,0.01176,2.85,0.1882,0.4118,0.07059,0.02353,1,0.004854,0.125,5,11,9,52,4,0.5,5,0.5556,6.203,4.704,3.102,2.342,3.102,4,1,2,1,6,5,5,12,1,32,5,5,5,5,0,0.7059,0,0,0.1176,0,0.1111,0.01506,0.3496,4.929,6.11,-0.1771,0.1039,3.619,2.804,6.745,0.3298,7.419,0.4,0.4,0.9231,0.05825,0.08252,0.9369,0.2824,0.1408,0.2136,0.835,0.1585,0.1463,0.8544,0,0.01942,1,44,6,0.2718,1,0.5833,0.05814,0.7955,0.7241,0,1,1,1,0.03529,0,0,15.21,0.9802,0.5831,0.03436,0.03436,0,4,120,120,0,0.25,0.1373,1,0.3333,0.1412,1,1,0.2015,0.2015,0.2015,0.2015,0,1,2,60,60,0,206,0,0,0,21.37,0,0.2913,0,0,0,0.9681,1.095,0,0.008191,0.346,0,0.3297,0.2752,0,0.1758,0.07317,0.1179,0.1585,0.1057,0.1585,0.2439,0.09756,0,0,0,0,0,0,0,0,0,0,0
C:\Users\Sui Wei En\Downloads\Combined_abc\chopin5_a.mid,Chopin,5,a,0.8,0.55,19,2.55,4.77,4.77,0,0.6207,0,11.13,1.363,0.125,1,1.007,1.021,0,0.02667,0.125,0.125,9.748e-17,0,0.3229,0,0.2063,0.2063,0.02667,0,0,0,0,1,0,0.5242,10,7,0,4,0,18.75,0,0,71,11,0.006711,1.333,1.333,0.1611,0.1007,0,0.7383,120,7,2,38,2,1,1,0.25,0,0.125,1,1,7.152,1,61,6.342,0.25,0,149,120,1,1,0,149,0,0.1172,0.08276,0.1379,0.06897,3.913,0.1448,0.1241,0.1103,0.02069,1,0.006711,0.125,3,0,0,62,9,0.25,0,0,7.947,0.1155,3.973,0.06848,3.973,4,1,2,1,1,10,10,9,1,23,10,10,5,5,0,0,0,0,0,0,1,0.02667,1,4.675,6.616,-0.5889,0.1601,3.351,2.389,6.289,-0.002122,9.489,0.3,0.3,0.6667,0,0,0,0.1448,0.1409,0.2282,1,0.5,0.3333,1,0,1,1,52,0,0.4094,1,1,0,0.8235,0.7619,0,1,1,1,0.1448,0,0,0,0,0,0.02422,0.02422,0,7,120,120,0,0.25,0,1,0,0.04828,1.006,1.006,0.1028,0.1028,0.1035,0.1035,0,1,1,160,160,0,149,0,0,0,0,0,3.342e-16,0,0,0,0.08248,0.2474,0,0,9.748e-17,0,0,0,0,0,0.5,0.3333,0.1667,0,0,0,0,0,0,0,0,0,0,0,0,0,0,0
C:\Users\Sui Wei En\Downloads\Combined_abc\chopin6_a.mid,Chopin,6,a,0.18,0.48,4.266666667,0.01300813,0.835303131,0.417651565,0,0.6316,0,10.85,1.923,0.3337,1,1.169,1.176,0,0.01338,0.3212,0.3212,0.1866,0,1.171,0.1404,0.413,0.413,0.01338,0,0,0,0,2,0,0.52,1,1,0,2,0,37.38,0,0,62,2,0.007692,2,2,0.1846,0.01538,0,0.8,120,9,9,49,1,1,1,2,0,1,1,1,3.825,1,63,6.823,0.6673,0,3.939,120,1,1,0,1,0.007692,0.04386,0.07018,0.01754,0.09649,2.7,0.01754,0.05263,0.1667,0.01754,1,0.007692,0.125,0.9,0,0,71,11,0.5,4,0,3.478,0.8769,1.739,0.5295,1.739,3,1,3,3,5,10,10,10,1,23,5,5,5,5,0,1,0,0,0,0,1,0.01338,0.2593,4.704,5.993,-0.1313,-0.7106,4.041,2.63,6.652,-0.7148,8.943,0.6,0.6,0.5833,0.02308,0.02308,0.8385,0.3421,0.2846,0.3538,0.4923,0.4444,0.2593,0.6538,0,0.1615,1,38,5,0.4846,1,0.4103,0.6094,0.5217,0.4595,0,1,1,1,0.3421,0,0,8.602,1.376,0.3649,0.03084,0.03084,0,3,60,60,0,0.25,0,1,0,0.1754,1.117,1.117,0.1951,0.1951,0.2179,0.2179,0,1,2,120,120,0,130,0,0,0,9.172,0,0.1824,0,0,0,0.3752,0.3984,0,0,0.1866,0,0,0.08136,0,0.04746,0.03704,0,0.2222,0,0.03704,0.7037,0,0,0,0,0,0,0,0,0,0,0,0
C:\Users\Sui Wei En\Downloads\Combined_abc\chopin7_a.mid,Chopin,7,a,0.53,0.34,0,0,7.16E-14,3.58E-14,0,0.4815,0,17.64,1.786,0.625,1,1.513,1.645,0,0.02564,0.6666,0.6666,0.3953,0,1.407,0.03704,0.6552,0.6552,0.02564,0,0,0,0.25,2,0.1143,0.64,7,7,0,3,0,19.5,0,0,64,4,0.02,2,2,0.16,0.26,0,0.58,120,5,2,57,9,1,1,4,0,2.125,1,1,10.3,1,64,5.34,1.24,0.01,3.125,120,1,1,0,2,0,0.2963,0.07407,0.1481,0.07407,4.152,0.07407,0.07407,0.03704,0.03704,1,0.02,0.375,0,0,7,64,4,1,7,0.1143,2.564,0.2247,1.282,0.2234,1.282,1,2,3,2,5,7,7,8,1,17,3,3,3,3,0,0,0,0.25,0.25,0,0.8857,0.02564,0.4912,5.054,6.075,1.247,0.7379,3.224,2.033,7.543,0.1139,10.01,1,1,0.7143,0.1,0.2,0.96,0.1481,0.18,0.28,0.72,0.2456,0.1754,0,0,0,1,48,5,1.28,1,0.5,0.2222,0.7143,0.6667,0,1,1,1,0.07407,0,0,14.79,1.176,0.6123,0.04152,0.04152,0,0,60,60,0,0.75,0.5,1,0,0.1111,1.151,1.151,0.3046,0.3046,0.3506,0.3506,0,1,2,120,120,0,50,0,0,0,2.579,0,0.3214,0,0,0,0.5959,0.663,0,0.04949,0.3953,0,0.1515,0.05263,0,0.07237,0.1754,0.2456,0.07018,0,0.2105,0.1667,0.1316,0,0,0,0,0,0,0,0,0,0,0
C:\Users\Sui Wei En\Downloads\Combined_abc\chopin8_a.mid,Chopin,8,a,0.2,0.83,10.66666667,0.023503997,3.881901943,1.940950972,0,0.5751,0,12.18,2.204,0.1596,1,1.26,1.45,0,0.008,0.1593,0.1593,0.1294,0,0.429,0.1192,0.2113,0.2113,0.008,0,0,0,0.4423,2,0,0.3311,1,3,0,3,0,62.5,0,0,61,1,0.001776,2,2,0.1155,0.3357,0,0.5488,120,5,12,47,11,1,1,4,0,2,1,1,4.345,1,67,5.298,0.3193,0,6.326,120,1,1,0,1,0.0746,0.04404,0.0544,0.06995,0.0829,4.3,0.06995,0.05181,0.1606,0.02073,1,0.001776,0.125,0.8235,0,0,61,1,0.25,0,0,9.008,5.217,4.504,2.604,4.504,3,0,0,1,5,10,10,12,1,45,10,10,5,5,0,0.08974,0,0,0.3013,0.1731,0.8584,0.008,0.4818,4.705,5.358,-0.5958,-0.0326,3.533,2.778,5.897,-0.06044,9.257,0.3,0.3,0.6489,0.0746,0.01066,0.08348,0.2176,0.07993,0.1865,0.9112,0.3806,0.247,0.9112,0,0.9112,1,47,7,0.119,1,0.5476,0.08187,0.8,1,0,1,1,1,0.2176,0,0,93.07,0.6344,0.3276,0.02423,0.02423,0,3,60,60,0,0.25,0.1667,1,0.1416,0.228,1.01,1.01,0.1051,0.1051,0.1062,0.1062,0,1,2,120,120,0,563,0,0,0,38.52,0,0.1638,0,0,0,0.5069,0.5867,0,0,0.1294,0,0.05106,0.05444,0.008097,0.123,0.3806,0,0.1012,0,0.1134,0.3563,0,0,0,0,0,0,0,0,0,0,0,0
C:\Users\Sui Wei En\Downloads\Combined_abc\chopin9_a.mid,Chopin,9,a,0.87,0.57,8.533333333,0.145454546,3.549738466,1.774869233,0,0.5063,0,11.73,2.108,0.2592,1,1.249,1.368,0,0.02116,0.2863,0.2863,0.1526,0,0.5929,0.01266,0.2367,0.2367,0.02116,0,0,0,0,3,0,0.5513,6,3,0,2,0,23.62,0,0,59,11,0.008197,2,2,0.5,0,0,0.5,120,7,7,35,11,1,1,1,0,0.5,1,1,6.608,1,52,6.074,0.4652,0.05328,2.976,120,1,1,0.08333,2,0.01639,0.02532,0.06329,0.1139,0.1392,5.288,0.03797,0.2785,0.2785,0.01266,1,0.008197,0.125,1,0.3636,9,59,11,0.25,0,0.06957,5.164,1.829,2.582,0.7914,2.582,6,0,1,2,3,14,14,12,1,35,9,9,1,1,0,0,0,0,1,1,0.8,0.02116,0.4978,4.924,5.393,0.06183,0.1401,3.579,2.983,6.561,-0.9284,9.032,0.3333,0.3333,0.9545,0.09836,0,0.3197,0.1519,0.1066,0.1885,0.6803,0.2907,0.2775,0.6803,0,0.6803,1,41,3,0.4262,1,0.9167,0.3253,0.8261,0.7692,0,1,1,1,0.01266,0.1111,0.1111,5.07,2.005,0.3219,0.02121,0.02121,0,3,120,120,0,0.25,0,1,0.1304,0.03797,1.577,1.577,0.09187,0.09187,0.1449,0.1449,0,1,2,60,60,0,122,0,0,0,2.208,0,0.1433,0,0,0,0.5193,0.5616,0,0.04018,0.1526,0,0.03653,0.05586,0,0.1135,0.2907,0.03084,0.1762,0.01762,0.05286,0.4141,0,0,0,0,0,0,0,0,0,0,0,0
C:\Users\Sui Wei En\Downloads\Combined_abc\shostakovich10_a.mid,Shostakovich,10,a,0.28,0.74,64,1.959,11.57,11.57,0,0.3057,0,10.46,1.936,0.4445,1,1.446,1.497,0,0.007849,0.3367,0.3367,0.4704,0,0.7382,0.1266,0.2851,0.2851,0.007849,0,0,0,0,5,0,0.4313,3,2,0,7,0,79.62,0,0,61,1,0.003759,2,2,0.3421,0.3083,0,0.3496,120,7,17,37,1,1,1,4,0,2,1,0.625,5.074,0.625,62,5.481,0.8816,0.01316,4.03,120,1,1,0,2,0.007519,0.06114,0.004367,0.0262,0.2183,3.696,0.04803,0.04803,0.1485,0.04803,1,0.003759,0.125,1.125,1.833,5,66,1,0.25,5,0.01905,3.341,1.535,1.67,0.7228,1.67,3,0,0,1,6,10,10,12,1,62,10,10,4,4,0,0,0,0,0.3333,0,0.6571,0.007849,0.4729,4.812,5.481,-0.4633,-0.1864,3.359,2.541,5.362,-0.06249,17.33,0.3,0.3,0.915,0.03008,0.218,0.2105,0.2183,0.05639,0.1617,0.6917,0.2528,0.2313,0.6917,0,0.6917,1,75,7,0.2331,1,0.88,0.1739,0.8837,0.8,0,1,1,1,0.0786,0,0,8.069,1.669,1.135,0.02511,0.02511,0,3,60,60,0,0.25,0.6667,1,0.3238,0.3188,1.146,1.146,0.1329,0.1329,0.1523,0.1523,0,1,2,120,120,0,266,0,0,0,4.871,0.5303,0.5731,0,0,0,0.6892,0.855,0.5303,0.05593,0.4704,0,0.01872,0.1139,0,0.1408,0.04963,0.1704,0.2528,0.01018,0.1134,0.3953,0.008194,0,0,0,0,0,0,0,0,0,0,0
C:\Users\Sui Wei En\Downloads\Combined_abc\shostakovich11_a.mid,Shostakovich,11,a,0.35,0.28,59,2.097,8.35,8.35,0,0.4351,0,10.2,1.602,0.3125,1,1.21,1.25,0,0.01124,0.2727,0.2727,0.2944,0,0.6666,0.07792,0.2401,0.2401,0.01124,0,0,0,0.1333,5,0,0.5564,5,3,0,5,0,44.5,0,0,83,11,0.005682,2,2,0.2727,0.3636,0,0.3636,120,5,24,59,11,1,1,4,0,2,1,1,5.519,1,65,5.432,0.625,0,4.4,120,1,1,0,2,0.01136,0.0974,0.01948,0.1169,0.1623,5.347,0.03247,0.07143,0.1039,0.05195,1,0.005682,0.125,0.7778,0,5,78,6,0.25,4,0,3.955,2.155,1.978,1.218,1.978,4,0,0,1,5,10,10,12,1,47,10,10,4,4,0,0,0,0,0.5333,0.4,1,0.01124,0.4965,4.924,5.619,-0.4664,-0.1545,3.654,3.089,5.148,-0.189,13.34,0.3,0.3,0.7558,0,0.1591,0.2727,0.1623,0.06818,0.1648,0.7159,0.3972,0.3002,0.7557,0,0.7159,1,57,7,0.3693,1,0.84,0.2063,0.8966,0.8333,0,1,1,1,0.1364,0,0,10.67,1.553,0.7246,0.02444,0.02444,0,7,60,60,0,0.25,0.3333,1,0,0.2078,1.036,1.036,0.1179,0.1179,0.1221,0.1221,0,1,3,120,120,0,176,0,0,0,5.808,0,0.3623,0,0,0,0.4075,0.433,0,0,0.2944,0,0.07711,0.1023,0,0.002841,0.1617,0.3002,0.03464,0,0.02309,0.4088,0,0,0,0,0,0,0,0,0,0,0,0
C:\Users\Sui Wei En\Downloads\Combined_abc\shostakovich12_a.mid,Shostakovich,12,a,0.33,0.79,74,4.273,12.5,12.5,0,0.4018,0,13.79,2.059,0.6217,1,1.165,1.503,0,0.009717,0.6272,0.6272,0.3265,0,1.374,0.05804,0.4638,0.4638,0.009717,0,0,0,0,2,0,0.5673,3,4,0,4,0,141.5,0,0,56,8,0.002933,2,2,0.5279,0.07625,0,0.3959,120,3,4,32,8,1,1,4,0,1.875,1,0.9167,6.241,0.9167,52,6.229,1.32,0.07625,2.94,120,1,1,0,2,0.01466,0.1339,0.04018,0.08482,0.1607,5.365,0.04464,0.08036,0.1473,0.04018,1,0.002933,0.25,3.125,1.143,5,63,11,1,0,0.06918,2.41,1.062,1.205,0.5925,1.205,3,0,0,3,7,7,7,8,1,35,5,5,5,5,0,0.03846,0,0,0.8974,0.8846,0.8365,0.009717,0.7542,4.591,4.84,0.1896,0.004594,3.619,1.915,5.055,0.2035,13.66,0.6,0.6,0.1699,0.1085,0.3226,0.9355,0.1607,0.06158,0.1965,0.4604,0.6117,0.1039,0.1701,0,0,1,58,6,0.1525,1,0.8611,0.5605,0.9104,0.9048,0,1,1,1,0.07143,0,0,6.455,1.381,0.6943,0.03171,0.03171,0,4,60,60,0,0.5,0.0641,1,0.09434,0.1964,1.229,1.229,0.2081,0.2081,0.2557,0.2557,0,1,2,120,120,0,341,0,0,0,3.35,0.1443,0.3007,0,0,0,0.4292,0.5558,0.1443,0.1147,0.3265,0,0.02369,0.05263,0,0.03568,0.5925,0.03967,0.1029,0.02314,0.04648,0.1762,0,0.01914,0,0,0,0,0,0,0,0,0,0
C:\Users\Sui Wei En\Downloads\Combined_abc\shostakovich13_a.mid,Shostakovich,13,a,0.88,0.73,60,7.786,14.03,14.03,0,0.5035,0,11.45,1.817,0.4337,1,1.456,1.522,0,0.03862,0.4137,0.4137,0.4443,0,0.9586,0.05674,0.3053,0.3053,0.03862,0,0,0,0.04545,1,0,0.5969,2,4,0,2,0,59.33,0,0,66,6,0.004975,1.5,1.5,0.2935,0.1741,0,0.5323,120,9,3,66,6,2.25,2.25,6,0,3.25,1,0.9167,6.135,0.9167,60,5.184,0.8719,0.01534,2.365,120,0.5,0.5,0,2,0.0199,0.07801,0.04965,0.1064,0.1206,4.986,0.06383,0.1489,0.1702,0.01418,1,0.004975,0.125,3,0,3,61,1,0.5,7,0.02094,3.388,0.7076,1.694,0.468,1.694,4,1,1,3,9,13,13,12,1,40,9,9,4,4,0,0.3182,0,0.1818,0.3182,0.1364,0.911,0.03862,0.5287,4.738,6.712,0.1543,0.3915,3.578,2.554,5.68,-0.04612,11.33,0.3333,0.3333,0.6544,0.1393,0.1095,0.6816,0.1277,0.09453,0.2537,0.3881,0.2851,0.1866,0.6269,0.004975,0.2388,1,55,8,0.2985,1,0.9444,0.6154,0.6667,0.8421,0,1,1,1,0.08511,0,0,14.1,1.278,0.8729,0.02378,0.02378,0,3,120,120,0,0.25,0.3182,1,0.06806,0.1631,1.016,1.016,0.1514,0.1514,0.1539,0.1539,0,1,2,80,80,0,201,0,0,0,1.534,0.7862,0.4356,0,0,0,0.5679,0.5692,0.7862,0.07777,0.4443,0,0.06466,0.09861,0,0.103,0.1072,0.2851,0.1181,0.01085,0.05069,0.3599,0,0.01822,0,0,0,0,0,0,0,0,0,0
C:\Users\Sui Wei En\Downloads\Combined_abc\shostakovich14_a.mid,Shostakovich,14,a,0.28,0.27,81,5.317,18.64,18.64,0,0.822,0,17.21,1.707,0.2421,1,1.119,1.702,0,0.004961,0.2935,0.2935,0.3469,0,2.476,0.02374,0.1059,0.1059,0.004961,0,0,0,0.09756,3,0,0.5266,12,9,0,2,0,100.8,0,0,63,3,0.001272,3,3,0.6069,0.01654,0,0.3766,120,7,7,27,3,1,1,4,0,1.875,1,1,5.062,1,51,5.844,0.4602,0.03372,12.68,120,1,1,0,2,0,0.05045,0.2315,0.01484,0.02077,1.329,0.02671,0.02077,0.04451,0.005935,1,0.001272,0.125,2,0,0,58,3,0.25,0,0,7.798,6.116,3.899,3.548,3.899,2,2,4,1,7,26,26,12,1,42,26,26,0,0,0,0.1463,0,0,0.6585,0.6585,1,0.004961,0.8328,4.345,8.885,1.665,-0.4484,3.321,2.171,5.618,0.3017,9.452,0.2308,0.2308,0.04258,0.008906,0.06489,0.1425,0.4985,0.1781,0.4122,0.8384,0.8155,0.03472,0.8524,0,0.8384,1,52,7,0.06489,1,0.4643,0.09712,0.8519,0.9786,0,1,1,1,0.4985,0.2692,0.2692,21.16,1.045,0.6033,0.01373,0.01373,0,9,40,40,0,0.25,0.09756,1,0,0.08605,1.103,1.103,0.05035,0.05035,0.05555,0.05555,0,1,1,120,120,0,786,0,0,0,39.68,0,0.2847,0,0,0,0.3241,0.5727,0,0.05024,0.3469,0,0.06294,0.02493,0.01012,0.02036,0.641,0.00984,0.007415,0.02452,0.06585,0.04214,0.01365,0.1746,0,0,0,0,0,0,0,0,0,0
C:\Users\Sui Wei En\Downloads\Combined_abc\shostakovich15_a.mid,Shostakovich,15,a,0.65,0.85,62,1.629,16.73,16.73,0,0.5012,0,14.3,2.024,0.4128,1,1.214,1.559,0,0.01401,0.4146,0.4146,0.303,0,1.082,0.1081,0.3479,0.3479,0.01401,0,0,0,0.05357,2,0,0.5439,5,4,0,3,0,169.5,0,0,65,5,0.001585,2,2,0.2884,0.3772,0,0.3344,120,4,4,32,8,2,2,12,0,5.375,1,1.583,5.951,1.583,63,4.951,0.8277,0.001981,3.506,120,1.75,1.75,0,2,0.02377,0.1253,0.07371,0.04423,0.1327,3.545,0.05405,0.03194,0.1376,0.04177,1,0.001585,0.125,1.074,0,0,77,1,1,0,0.04444,3.723,1.597,1.861,0.8231,1.861,4,0,0,3,8,10,10,12,1,59,8,8,5,5,0,0.05357,0,0.008929,0.6786,0.625,0.9407,0.01401,0.6896,4.814,5.877,-0.04415,-0.7235,3.338,3.18,5.481,-0.2333,14.08,0.375,0.375,0.1813,0.2536,0.06339,0.9208,0.1597,0.07924,0.1965,0.3265,0.5677,0.103,0.3645,0.001585,0.07132,1,64,10,0.09984,1,0.8308,0.8981,0.9032,0.88,0,1,1,1,0.1597,0,0,184.2,0.3814,0.6108,0.02688,0.02688,0,4,60,60,0,0.25,0.2143,1,0.01481,0.199,1.142,1.142,0.1624,0.1624,0.1855,0.1855,0,1,2,120,120,0,631,0,0,0,3.518,0.5204,0.2878,0,0,0,0.4383,0.621,0.5204,0.04976,0.303,0,0.04382,0.06731,0.01854,0.05535,0.5677,0.02454,0.09736,0,0.08278,0.1856,0.0201,0,0,0,0,0,0,0,0,0,0,0
C:\Users\Sui Wei En\Downloads\Combined_abc\shostakovich16_a.mid,Shostakovich,16,a,0.7,0.7,52,3.806,11.1,11.1,0,0.4,0,6.582,1.631,0.631,1,1.244,1.265,0,0.02053,0.5491,0.5491,0.7065,0,1.189,0.1451,0.3325,0.3325,0.02053,0,0,0,0,6,0,0.4826,1,4,0,4,0,142,0,0,60,0,0.003584,3,3,0.2366,0.1792,0,0.5842,120,5,5,22,10,2.333,2.333,12,0,6,1,1.458,3.78,1.458,61,4.595,1.257,0.03704,3.033,120,1.5,1.5,0,1,0.01792,0.02745,0.007843,0.07843,0.1216,5.819,0.02745,0.05098,0.1804,0.03137,1,0.003584,0.125,1.875,0,2,65,5,0.25,7,0,1.964,1.688,0.9821,0.8717,0.9821,5,0,0,1,10,14,14,11,1,44,5,5,3,3,0,0.6923,0,0,0,0,0.985,0.02053,0.4177,4.972,5.51,-0.3659,-0.03277,3.321,3.61,6.543,-0.3467,11.13,0.6,0.6,0.9736,0.1971,0.276,0.3548,0.2314,0.08244,0.1649,0.4552,0.245,0.2385,0.5878,0.03943,0.4552,1,60,10,0.2186,1,0.6271,0.3071,0.913,0.913,0,1,1,1,0.09804,0,0,19.12,1.351,1.681,0.02384,0.02384,0,3,120,120,0,0.25,0.3077,1,0.01496,0.3765,1.182,1.182,0.1524,0.1524,0.1801,0.1801,0,1,2,40,40,0,279,0,0,0,7.123,0.6292,0.8216,0,0,0,0.4377,0.506,0.6292,0.1377,0.7065,0,0.0166,0.03594,0,0.06768,0.09483,0.245,0.07791,0,0.2216,0.3444,0,0,0,0,0,0,0,0,0,0,0,0
C:\Users\Sui Wei En\Downloads\Combined_abc\shostakovich17_a.mid,Shostakovich,17,a,0.58,0.27,47,1.047,8.301,8.301,0,0.4381,0,7.757,1.664,0.457,1,1.066,1.066,0,0.003666,0.4477,0.4477,0.294,0,1.07,0.07023,0.4135,0.4135,0.003666,0,0,0,0,2,0,0.4901,2,1,0,2,0,136.4,0,0,56,8,0.003155,2,2,0.2019,0.1861,0,0.612,120,2,2,44,8,1,1,4,0,2,1,1,3.953,1,62,4.584,0.9353,0.02129,2.536,120,1,1,0,2,0.009464,0.05017,0.003344,0.06355,0.1104,4.095,0.02007,0.05351,0.1839,0.04013,1,0.003155,0.25,2.667,0,2,63,3,0.5,3,0.02857,2.324,0.8267,1.162,0.4727,1.162,4,1,2,2,7,9,9,12,1,43,5,5,5,5,0,0,0,0,1,0,0.9714,0.003666,0.02695,5.292,5.151,0.5825,-1.695,3.006,3.762,5.685,-0.2109,10.86,0.6,0.6,0.3351,0.06309,0.1672,0.9779,0.2508,0.2303,0.2934,0.5205,0.7288,0.2442,0.5205,0,0,1,48,6,0.1956,1,0.6133,0.497,0.5806,0.4247,0,1,1,1,0.1538,0,0,11.31,1.994,0.6549,0.03054,0.03054,0,2,60,60,0,0.5,0,1,0,0.3211,1.269,1.269,0.1822,0.1822,0.2312,0.2312,0,1,2,120,120,0,317,0,0,0,2.441,0,0.3081,0,0,0,0.256,0.256,0,0.07534,0.294,0,0.3231,0,0,0.04968,0,0,0.02695,0,0,0.7288,0,0,0,0,0,0,0,0,0,0,0,0
C:\Users\Sui Wei En\Downloads\Combined_abc\shostakovich18_a.mid,Shostakovich,18,a,0.12,0.31,52,3.131,12.53,12.53,0,0.3913,0,9.898,2.061,0.581,1,1.332,1.364,0,0.02372,0.5369,0.5369,0.4718,0,1.211,0.1478,0.423,0.423,0.02372,0,0,0,0.2941,3,0,0.5248,1,6,0,4,0,63.25,0,0,77,5,0.006897,3,3,0.2483,0.1379,0,0.6138,120,1,3,48,0,2,2,4,0,2,1,1.5,4.383,1.5,60,5.103,1.176,0.01379,1.726,120,2,2,0,1,0.06207,0.06957,0.008696,0.04348,0.1043,5.44,0.02609,0.07826,0.1652,0.03478,1,0.006897,0.125,2.8,0,2,58,0,1,3,0.08824,2.292,0.9614,1.146,0.5616,1.146,5,0,0,2,8,10,10,12,1,40,4,4,3,3,0,0.3529,0,0,0.1765,0,0.8529,0.02372,0.1934,4.698,5.037,0.08417,-0.7315,3.687,3.705,6.371,-0.1658,11.11,0.75,0.75,0.2854,0.2138,0.2483,0.7034,0.2,0.07586,0.1586,0.3103,0.3939,0.1124,0.3241,0,0.1793,1,55,7,0.4138,1,0.7391,0.5778,0.8696,1,0,1,1,1,0.1217,0,0,7.051,0.5794,0.9105,0.0296,0.0296,0,9,40,40,0,0.25,0.1765,1,0.05882,0.3478,1.322,1.322,0.1822,0.1822,0.2408,0.2408,0,1,3,120,120,0,145,0,0,0,1.484,0.7071,0.4445,0,0,0,0.6062,0.712,0.7071,0.07083,0.4718,0,0.1586,0.03239,0.046,0.1579,0.06529,0.07202,0.05609,0.03029,0.2164,0.4533,0.03029,0,0,0,0,0,0,0,0,0,0,0
C:\Users\Sui Wei En\Downloads\Combined_abc\shostakovich19_a.mid,Shostakovich,19,a,0.63,0.88,76,3.084,17.82,17.82,0,0.4752,0,13.62,2.083,1.25,1,1.338,1.717,0,0.003185,1.107,1.107,1.243,0,2.652,0.1064,0.7354,0.7354,0.003185,0,0,0,0.08824,4,0,0.536,3,4,0,2,0,157,0,0,55,7,0.004651,2,2,0.5302,0.05116,0,0.4186,120,4,4,38,2,1,1,12,0,12,1,1,5.872,1,51,5.474,2.363,0.1419,4.778,120,1,1,0,2,0,0.09929,0.05674,0.04965,0.09929,4.141,0.05674,0.1064,0.1986,0.02837,1,0.004651,0.375,1.8,0,3,67,3,3,0,0.03101,1.369,0.8872,0.6847,0.4785,0.6847,4,1,0,2,6,5,5,12,1,48,2,2,4,4,0,0.1765,0,0.02941,0.5588,0.4706,0.907,0.003185,0.6642,4.934,4.586,0.4443,-1.498,3.203,3.772,5.094,-0.01898,13.96,1,1,0.2122,0.9907,0.5581,0.4512,0.1277,0.06512,0.2372,0.4884,0.519,0.1101,0,0.06047,0,1,53,8,0.2372,1,0.8889,0.7048,0.6275,0.9286,0,1,1,1,0.1135,0,0,17.69,-1.027,1.862,0.04621,0.04621,0,4,80,80,0,0.75,0.1765,1,0.06202,0.1915,2.499,2.499,0.2102,0.2102,0.5252,0.5252,0,1,2,40,40,0,215,0,0,0,5.543,0,1.376,0,0,0,0.5303,0.6126,0,1.188,1.243,0,0.03636,0.09345,0,0.09824,0.519,0.06575,0.07948,0.02367,0.08528,0.2155,0,0,0,0,0,0,0,0,0,0,0,0
C:\Users\Sui Wei En\Downloads\Combined_abc\shostakovich1_a.mid,Shostakovich,1,a,0.4,0.22,71,3.955,12.58,12.58,0,0.5398,0,15.64,2.667,0.6118,1,2.079,2.213,0,0.007299,0.5973,0.5973,0.2597,0,1.283,0.0708,0.4215,0.4215,0.007299,0,0,0,0.1382,2,0.05651,0.4688,5,1,0,4,0,68.5,0,0,67,7,0.004065,1.5,1.5,0.1179,0.1626,0,0.7195,120,7,7,48,0,1,1,3,0,1.5,1,1,5.221,1,64,5.215,1.278,0.05488,2.828,120,1,1,0,3,0.02033,0.0708,0.0177,0.09735,0.1239,3.827,0.07965,0.07965,0.1858,0.0354,1,0.004065,0.25,0.75,0.9091,0,67,0,1,3,0.1843,3.591,0.8845,1.796,0.6727,1.796,4,0,2,4,5,8,8,12,1,36,6,6,5,5,0,0.439,0,0,0.1463,0.01626,0.5577,0.007299,0.3396,4.806,5.124,0.1724,0.934,3.749,3.747,5.987,-0.2778,8.737,0.1667,0.1667,0.8815,0.2073,0.2724,0.9919,0.1504,0.1016,0.1829,0.3252,0.2231,0.1966,0.2033,0,0,1,43,5,0.2602,1,0.8235,0.8125,0.8667,0.92,0,1,1,1,0.1504,0,0,5.233,1.474,0.5667,0.03051,0.03051,0,4,120,120,0,0.5,0.2764,1,0.258,0.1593,1.137,1.137,0.1973,0.1973,0.2242,0.2242,0,1,2,80,80,0,246,0,0,0,1.287,0,0.2512,0,0,0,0.7593,0.6823,0,0.1037,0.2597,0,0.169,0.318,0.001912,0.3217,0.09042,0.1107,0.1385,0.04,0.09608,0.4197,0.04852,0,0,0,0,0,0,0,0,0,0,0
C:\Users\Sui Wei En\Downloads\Combined_abc\shostakovich20_a.mid,Shostakovich,20,a,0.47,0.4,54,6.365,12.01,12.01,0,0.45,0,9.28,1.547,1.028,1,1.128,1.304,0,0.03113,0.9,0.9,0.9405,0,2.092,0.1,0.4584,0.4584,0.03113,0,0,0,0.1111,2,0,0.4828,2,3,0,3,0,128.5,0,0,60,0,0.006289,2,2,0.3333,0.2516,0,0.4151,120,1,1,24,0,2,2,12,0,6,1,1.6,5.043,1.6,59,4.591,2.074,0.04403,1.574,120,2,2,0,1,0.06289,0.1,0,0.03571,0.1143,4.118,0.01429,0.07143,0.2214,0.02857,1,0.006289,0.125,0.9375,0,0,74,2,1,0,0,1.237,0.7629,0.6187,0.4386,0.6187,6,0,1,2,11,10,10,12,1,40,3,3,3,3,0,0.1111,0,0,0.3333,0.3333,1,0.03113,0.6618,5.058,4.484,-0.3856,0.03328,3.181,3.969,5.08,-0.5907,15.2,0.6667,0.6667,0.4718,0.1698,0.4214,0.6226,0.1714,0.1006,0.1635,0.2579,0.583,0.2751,0.2642,0.08176,0.1258,1,60,10,0.3711,1,0.8333,0.6585,1,0.625,0,1,1,1,0.1714,0,0,13.07,1.377,2.339,0.03008,0.03008,0,3,120,120,0,0.25,0.4444,1,0,0.2429,1.201,1.201,0.2083,0.2083,0.2502,0.2502,0,1,2,60,60,0,159,0,0,0,0.9731,0.5477,1.131,0,0,0,0.3335,0.4601,0.5477,0.2601,0.9405,0,0.01614,0,0.005541,0.08835,0.5569,0.0654,0.01332,0.007416,0.04728,0.2751,0,0.02613,0,0,0,0,0,0,0,0,0,0
C:\Users\Sui Wei En\Downloads\Combined_abc\shostakovich21_a.mid,Shostakovich,21,a,0.57,0.73,58,1.413,11.66,11.66,0,0.5071,0,9.13,1.969,0.2076,1,1.384,1.541,0,0.008882,0.1988,0.1988,0.182,0,0.4116,0.125,0.2447,0.2447,0.008882,0,0,0,0.3377,3,0,0.4574,1,5,0,4,0,56.29,0,0,65,5,0.002415,2,2,0.2729,0.3043,0,0.4227,120,5,12,70,10,1,1,4,0,2,1,1,4.418,1,64,5.599,0.4149,0.0004026,25.88,120,1,1,0,7,0,0.02857,0.01429,0.09286,0.08571,3.696,0.06071,0.05714,0.2536,0.03214,1,0.002415,0.125,2.227,0,3,70,10,0.25,0,0,7.355,3.841,3.677,2.171,3.677,4,1,0,2,6,10,10,12,1,54,10,10,3,3,0,0.05195,0,0,0.1299,0,1,0.008882,0.5565,4.811,4.46,0.5187,-0.5973,3.465,4.125,5.37,-0.5262,13.11,0.3,0.3,0.8222,0.002415,0.004831,0.215,0.175,0.0628,0.2053,0.7826,0.3054,0.2511,0.7971,0,0.7826,1,64,7,0.1546,1,0.9796,0.25,0.8353,0.9231,0,1,1,1,0.07857,0,0,31.05,1.393,0.355,0.02388,0.02388,0,5,60,60,0,0.25,0.4805,1,0,0.2964,1.073,1.073,0.118,0.118,0.1266,0.1266,0,1,1,120,120,0,414,0,0,0,67.56,0,0.1775,0,0,0,0.4863,0.4983,0,0.005785,0.182,0,0.5048,0.0112,0.1615,0.03809,0.3054,0,0.2511,0,0.01983,0.08823,0.008186,0,0,0,0,0,0,0,0,0,0,0
C:\Users\Sui Wei En\Downloads\Combined_abc\shostakovich22_a.mid,Shostakovich,22,a,0.5,0.32,60,2.418,11.53,11.53,0,0.4959,0,13.22,2.868,0.4101,1,1.522,1.94,0,0.005997,0.3414,0.3414,0.1492,0,0.9007,0.1694,0.5411,0.5411,0.005997,0,0,0,0.04545,2,0,0.3945,2,9,0,2,0,83.38,0,0,82,10,0.002551,2,2,0.4311,0.1939,0,0.375,120,3,3,39,3,1,1,3,0,1.375,1,1,4.702,1,58,5.969,0.8253,0.005102,20.63,120,1,1,0,13,0,0.03719,0.06612,0.05372,0.07438,3.25,0.0124,0.07851,0.2603,0.04959,1,0.002551,0.25,1.032,0,1,43,7,1,0,0.1307,4.702,1.044,2.351,0.5549,2.351,5,1,1,2,5,5,5,12,1,49,5,5,4,4,0,0.3636,0,0.02273,0.3864,0.2955,0.8693,0.005997,0.4776,4.874,4.557,-0.8598,-0.1816,3.596,3.709,4.997,0.4749,13.67,0.6,0.6,0.5328,0.01531,0.01786,0.9872,0.1694,0.09184,0.2168,0.5663,0.3083,0.1642,0.4133,0,0,1,53,5,0.148,1,0.7805,0.7297,0.6706,0.9167,0,1,1,1,0.09917,0,0,21.17,-1.455,0.3604,0.03759,0.03759,0,9,60,60,0,0.5,0.2045,1,0,0.2686,1.038,1.038,0.2655,0.2655,0.2756,0.2756,0,1,2,120,120,0,392,0,0,0,24.94,0,0.1657,0,0,0,0.6084,0.9714,0,0.04703,0.1492,0,0.06153,0.08446,0.03207,0.2142,0.3083,0.06487,0.1045,0.003491,0.2432,0.2212,0,0,0,0,0,0,0,0,0,0,0,0
C:\Users\Sui Wei En\Downloads\Combined_abc\shostakovich23_a.mid,Shostakovich,23,a,0.53,0.56,46,3.087,7.211,7.211,0,0.4437,0,9.333,1.778,0.4692,1,1.191,1.468,0,0.01189,0.4134,0.4134,0.3131,0,0.9443,0.1549,0.3743,0.3743,0.01189,0,0,0,0,2,0,0.4375,1,3,0,3,0,63.08,0,0,69,9,0.005128,2,2,0.3692,0.1026,0,0.5282,120,9,1,29,5,1,1,8,0,3.875,1,0.5,4.81,0.5,58,5.226,0.9513,0.01795,2.349,120,0.25,0.25,0,2,0.04103,0.09155,0.02817,0.05634,0.09859,4.739,0.02817,0.02817,0.2183,0.04225,1,0.005128,0.125,0.8235,0,1,69,9,1,0,0.048,3.091,1.118,1.546,0.5681,1.546,6,0,0,3,9,11,11,12,1,48,5,5,3,3,0,0.07407,0,0,0.8519,0.7407,0.856,0.01189,0.6125,4.708,4.642,0.1899,-0.3896,3.565,3.831,5.408,-0.9114,12.88,0.6,0.6,0.3687,0.05641,0.1128,0.7487,0.1549,0.06667,0.1385,0.4051,0.5568,0.2053,0.4513,0.01026,0.2051,1,54,9,0.2974,1,1,0.6076,0.8889,0.9231,0,1,1,1,0.09859,0,0,33.88,-0.15,0.9743,0.02639,0.02639,0,3,60,60,0,0.25,0.07407,1,0.096,0.3099,1.216,1.216,0.1689,0.1689,0.2054,0.2054,0,1,4,120,120,0,195,0,0,0,3.006,0.433,0.4628,0,0,0,0.4503,0.5596,0.433,0.07959,0.3131,0,0.01564,0.02406,0,0.1029,0.5568,0.03995,0.0158,0,0.1185,0.2536,0,0,0,0,0,0,0,0,0,0,0,0
C:\Users\Sui Wei En\Downloads\Combined_abc\shostakovich24_a.mid,Shostakovich,24,a,0.55,0.25,74,4.357,20.44,20.44,0,0.4752,0,10.77,1.87,0.848,1,1.297,1.67,0,0.006466,0.8085,0.8085,0.5423,0,1.937,0.07092,0.5077,0.5077,0.006466,0,0,0,0,3,0,0.3876,7,4,0,6,0,116,0,0,65,5,0.004405,3,3,0.4493,0.03084,0,0.5198,120,8,5,26,2,1,1,6,0,3,1,0.75,7.213,0.75,52,5.379,1.698,0.002203,2.293,120,1,1,0,2,0.03965,0.156,0.1206,0.07801,0.1277,5.421,0.04965,0.0922,0.1277,0,1,0.004405,0.25,1.571,0.25,5,67,2,1,0,0.01905,1.957,0.9546,0.9784,0.5138,0.9784,3,0,0,3,8,5,5,12,1,47,5,5,5,5,0,0,0,0,0.8913,0.6522,0.6952,0.006466,0.5924,4.64,4.623,0.3184,1.422,3.569,3.96,5.127,-0.9485,13.63,0.6,0.6,0.3085,0.3568,0.4097,0.7137,0.1277,0.06167,0.1718,0.3436,0.4447,0.1372,0.1718,0.01762,0,1,56,7,0.2291,1,0.9444,0.7692,0.8718,0.8571,0,1,1,1,0.08511,0,0,7.988,1.882,1.113,0.03566,0.03566,0,4,120,120,0,0.5,0.1087,1,0.2857,0.1631,1.121,1.121,0.2393,0.2393,0.2684,0.2684,0,1,3,40,40,0,227,0,0,0,1.612,0.3536,0.5554,0,0,0,0.5897,0.6875,0.3536,0.03319,0.5423,0,0.006706,0.1128,0,0.09544,0.4447,0.02132,0.1264,0,0.1441,0.2568,0,0,0,0,0,0,0,0,0,0,0,0
C:\Users\Sui Wei En\Downloads\Combined_abc\shostakovich2_a.mid,Shostakovich,2,a,0.32,0.19,25,1.649,4.933,4.933,0,0.4662,0,8.029,1.75,0.1339,1,1.378,1.378,0,0.02381,0.1351,0.1351,0.06102,0,0.3253,0.1014,0.2066,0.2066,0.02381,0,0,0,0,3,0,0.5966,2,1,0,6,0,21,0,0,76,4,0.004739,1.25,1.25,0.1517,0.08531,0,0.763,120,2,2,33,9,1,1,1,0,0.5,1,1,3.77,1,61,4.981,0.2678,0,35.17,120,1,1,0,3,0,0.05405,0.03378,0.04054,0.1014,3.797,0.01351,0.02703,0.1757,0.01351,1,0.004739,0.125,1.364,0,2,60,0,0.25,2,0,10.05,3.837,5.024,1.771,5.024,5,0,3,1,2,10,10,12,1,34,10,10,4,4,0,0.2632,0,0,0.3158,0,1,0.02381,0.1178,4.738,7.281,0.7597,1.167,3.874,2.912,6.766,0.1678,8.134,0.3,0.3,0.6979,0,0,0.0237,0.2432,0.1232,0.1943,0.9763,0.3197,0.2231,0.9763,0,0.9763,1,46,3,0.2891,1,0.8056,0.02427,0.9512,0.8077,0,1,1,1,0.1959,0,0,44.24,0.4663,0.1143,0.02422,0.02422,0,3,96,96,0,0.25,0.4211,1,0,0.3446,1.021,1.021,0.1022,0.1022,0.1044,0.1044,0,1,3,120,120,0,211,0,0,0,56.08,0,0.05717,0,0,0,0.4849,0.4849,0,0,0.06102,0,1.051,0.04268,0.1928,0.08537,0,0.01905,0.09874,0,0.03188,0.3378,0,0,0,0,0,0,0,0,0,0,0,0
C:\Users\Sui Wei En\Downloads\Combined_abc\shostakovich3_a.mid,Shostakovich,3,a,0.48,0.21,50,3.957,11.08,11.08,0,0.5185,0,34.74,3.471,0.638,1,1.398,1.985,0,0.0067,0.5194,0.5194,0.618,0,1.497,0.06667,0.3762,0.3762,0.0067,0,0,0,0,2,0,0.4407,12,6,0,3,0,74.62,0,0,67,7,0.004329,2,2,0.3983,0.2294,0,0.3723,120,5,12,29,5,1,1,8,0,4,1,1,8.8,1,58,5.156,1.28,0.004329,4.278,120,1,1,0,4,0,0.2741,0.1407,0.04444,0.02963,3.195,0.02963,0.03704,0.1185,0.01481,1,0.004329,0.125,1.286,0,12,43,7,0.5,0,0.475,3.095,2.186,1.548,0.9511,1.548,3,2,0,2,7,10,10,12,1,53,8,8,5,5,0,0.07843,0,0,0.8627,0.7647,0.525,0.0067,0.5591,4.935,7.475,-0.7614,0.9866,3.326,2.725,5.107,0.02732,15.69,0.375,0.375,0.4259,0.0303,0.2251,0.7879,0.1407,0.08225,0.2771,0.5368,0.3954,0.1684,0.619,0.03896,0.08225,1,64,9,0.2511,1,0.8947,0.2903,0.7812,1,0,1,1,1,0.1259,0,0,14.12,1.403,1.669,0.02751,0.02751,0,6,60,60,0,0.25,0.05882,1,0,0.1852,1.1,1.1,0.1791,0.1791,0.1971,0.1971,0,1,2,120,120,0,231,0,0,0,3.31,0,0.8325,0,0,0,0.7042,0.9444,0,0.04642,0.618,0,0.4311,0.06071,0,0.05396,0.3937,0.1306,0.03311,0.03884,0.05874,0.08094,0.1684,0.001698,0,0,0,0,0,0,0,0,0,0
C:\Users\Sui Wei En\Downloads\Combined_abc\shostakovich4_a.mid,Shostakovich,4,a,0.52,0.84,70,6.562,11.55,11.55,0,0.4557,0,8.803,1.803,0.6662,1,1.115,1.421,0,0.017,0.5427,0.5427,0.5722,0,1.345,0.1329,0.4382,0.4382,0.017,0,0,0,0,6,0,0.4531,2,3,0,3,0,88.25,0,0,64,4,0.005405,3,3,0.1946,0.05946,0,0.7459,120,4,16,28,4,2,2,8,0,4,1,1.5,4.278,1.5,59,5.903,1.332,0,2.721,120,2,2,0,2,0.01081,0.06329,0.02532,0.08228,0.06962,4.684,0.03165,0.05696,0.1139,0.06329,1,0.005405,0.25,3.5,0,0,55,7,0.5,0,0,2.096,0.9136,1.048,0.4857,1.048,3,0,0,1,7,5,5,12,1,38,5,5,5,5,0,0.2105,0,0,0.6316,0.5789,1,0.017,0.7442,5.014,5.647,-0.08105,-0.1823,3.601,2.846,7.041,-0.564,11.67,0.6,0.6,0.2108,0.05946,0.2541,0.8432,0.1899,0.08108,0.1838,0.5838,0.7041,0.1484,0.5838,0.01081,0,1,52,8,0.3189,1,0.9,0.2315,0.9412,1,0,1,1,1,0.1899,0,0,10.9,1.791,1.394,0.03497,0.03497,0,3,40,40,0,0.5,0.1579,1,0,0.3038,1.002,1.002,0.2189,0.2189,0.2193,0.2193,0,1,2,120,120,0,185,0,0,0,2.424,0.7071,0.6972,0,0,0,0.3194,0.4937,0.7071,0,0.5722,0,0.02964,0.008646,0.01464,0.05764,0.7041,0.04013,0,0.01415,0.05627,0.1707,0,0,0,0,0,0,0,0,0,0,0,0
C:\Users\Sui Wei En\Downloads\Combined_abc\shostakovich5_a.mid,Shostakovich,5,a,0.27,0.2,63,5.114,11.15,11.15,0,0.471,0,13.4,2.558,0.432,1,1.644,1.655,0,0.02069,0.4548,0.4548,0.3442,0,1.164,0.07097,0.3203,0.3203,0.02069,0,0,0,0,1,0.04036,0.2632,3,2,0,4,0,72.5,0,0,69,9,0.003676,2,2,0.1176,0.3971,0,0.4853,120,4,8,38,2,2,2,6,0,2.5,1,1.5,4.529,1.5,67,5.607,0.8695,0.005515,3.487,120,2,2,0,2,0.003676,0.0129,0.0129,0.06452,0.1742,3.241,0.09032,0.1097,0.1613,0.0129,1,0.003676,0.125,1.778,0.3889,5,74,2,0.75,5,0.3049,3.752,2.171,1.876,1.32,1.876,4,0,1,3,8,10,10,11,1,34,9,9,4,4,0,0.4286,0,0.04762,0.2619,0,0.3587,0.02069,0.3459,4.842,5.754,-0.3602,0.4922,3.276,2.667,6.48,-0.5471,10.14,0.3333,0.3333,0.8223,0.5956,0.06618,0.9228,0.1742,0.114,0.1765,0.5625,0.2405,0.1978,0.1949,0.003676,0.04044,1,45,8,0.2463,1,0.8519,0.3137,0.9792,0.6452,0,1,1,1,0.1419,0,0,32.41,0.6035,0.594,0.02592,0.02592,0,3,80,80,0,0.25,0.3095,1,0.3363,0.2194,1.367,1.367,0.1353,0.1353,0.185,0.185,0,1,2,160,160,0,272,0,0,0,4.245,0.7071,0.2775,0,0,0,0.856,0.8664,0.7071,0.06769,0.3442,0,0.2518,0.1056,0.02553,0.1673,0.01302,0.09238,0.2405,0.01171,0.1413,0.3117,0.01906,0,0,0,0,0,0,0,0,0,0,0
C:\Users\Sui Wei En\Downloads\Combined_abc\shostakovich6_a.mid,Shostakovich,6,a,0.4,0.54,67,2.946,11.83,11.83,0,0.4015,0,15.82,2.065,0.4871,1,1.398,1.436,0,0.02174,0.4498,0.4498,0.3893,0,0.9446,0.0219,0.4386,0.4386,0.02174,0,0,0,0.05263,3,0.08633,0.4297,2,6,0.02158,3,0,63.25,0,0,59,11,0.005435,2,2,0.3315,0.2337,0,0.4348,120,9,3,38,2,1,1,4,0,1.875,1,0.6875,7.248,0.6875,61,5.299,0.9973,0.02853,1.449,120,0.75,0.75,0,1,0.2826,0.146,0.05109,0.0365,0.219,5.18,0.07299,0.06569,0.1606,0.08759,1,0.005435,0.125,1.75,0,5,71,2,0.25,3,0.259,2.909,1.063,1.455,0.5959,1.455,2,0,0,3,7,10,10,11,1,48,5,5,3,3,0,0.5789,0,0,0.2632,0,0.6043,0.02174,0.2065,4.901,5.55,1.082,0.4531,3.602,2.771,5.661,-0.2044,13.8,0.6,0.6,0.4302,0.2717,0.2065,0.6304,0.219,0.08152,0.1848,0.3043,0.3409,0.1466,0.3098,0,0.3043,1,67,7,0.3315,1,0.4667,0.875,0.9706,0.8,0,1,1,1,0.06569,0,0,8.019,0.9229,0.8038,0.03048,0.03048,0,9,60,60,0.02158,0.25,0.1053,1,0.1151,0.09489,1.166,1.166,0.2024,0.2024,0.2361,0.2361,0,1,3,120,120,0,184,0,0,0,1.407,0.3146,0.3842,0,0,0,0.6972,0.7544,0.3146,0.08388,0.3893,0,0.2326,0.05051,0.01478,0.1879,0.06346,0.05257,0.07179,0.02078,0.1858,0.419,0.0528,0.01866,0,0,0,0,0,0,0,0,0,0
C:\Users\Sui Wei En\Downloads\Combined_abc\shostakovich7_a.mid,Shostakovich,7,a,0.87,0.74,56,2.119,8.116,8.116,0,0.3577,0,9.772,2.035,0.4553,1,1.307,1.419,0,0.02538,0.378,0.378,0.4932,0,0.8347,0.1463,0.2957,0.2957,0.02538,0,0,0,0,3,0,0.4914,3,3,0,3,0,49.25,0,0,69,9,0.006623,2,2,0.1854,0.5166,0,0.298,120,3,24,69,9,1.5,1.5,8,0,3.625,1,1.25,4.585,1.25,69,5.199,0.9818,0.08775,2.796,120,1.5,1.5,0,2,0,0.04065,0.01626,0.05691,0.1951,5.739,0.01626,0.0813,0.1951,0.01626,1,0.006623,0.125,2,0.2,5,76,4,0.5,3,0.06024,3.066,1.438,1.533,0.7533,1.533,4,0,0,3,10,10,10,12,1,41,10,10,6,6,0,0.4286,0,0,0.07143,0,0.5783,0.02538,0.4372,4.791,5.571,1.03,1.071,3.493,2.8,5.47,-0.8631,12.75,0.2,0.2,0.8331,0.298,0.07285,0.7616,0.1951,0.07947,0.1854,0.4834,0.2521,0.21,0.6623,0.02649,0.1788,1,50,9,0.457,1,0.9167,0.5068,0.8929,0.75,0,1,1,1,0.05691,0,0,21.08,1.256,1.151,0.02572,0.02572,0,0,96,96,0,0.25,0.5,1,0.3614,0.3252,1.034,1.034,0.1454,0.1454,0.1503,0.1503,0,1,2,48,48,0,151,0,0,0,2.616,0.3536,0.5461,0,0,0,0.6286,0.728,0.3536,0.1506,0.4932,0,0.04128,0.07812,0,0.138,0.1844,0.09088,0.1363,0,0.1317,0.3914,0.01982,0.02562,0,0,0,0,0,0,0,0,0,0
C:\Users\Sui Wei En\Downloads\Combined_abc\shostakovich8_a.mid,Shostakovich,8,a,0.55,0.51,40,1.77,8.496,8.496,0,0.4762,0,6.082,1.505,0.1664,1,1.074,1.074,0,0.01702,0.1703,0.1703,0.1219,0,0.3798,0.1548,0.2168,0.2168,0.01702,0,0,0,0,2,0,0.5068,1,1,0,3,0,29.38,0,0,73,1,0.005348,1.333,1.333,0.1711,0.4064,0,0.4225,120,3,3,55,7,1,1,1.5,0,0.75,1,1,3.601,1,66,5.668,0.3329,0,6.032,120,1,1,0,2,0.0107,0.04762,0,0.04762,0.1131,3.816,0.01786,0.03571,0.256,0.02976,1,0.005348,0.125,4.375,0,3,54,9,0.25,1,0,6.366,1.617,3.183,0.8083,3.183,5,0,2,1,5,10,10,12,1,37,10,10,3,3,0,0,0,0,0.5,0,1,0.01702,0.04995,4.737,5.334,-0.2921,-0.7829,3.406,2.5,5.106,-0.7324,10.49,0.3,0.3,0.6874,0.08021,0,0.139,0.2083,0.09091,0.1658,0.861,0.5013,0.3446,0.8877,0,0.861,1,46,4,0.3529,1,0.8,0.07453,0.9677,1,0,1,1,1,0.131,0,0,16.5,1.068,0.2329,0.02424,0.02424,0,2,160,160,0,0.25,0.5,1,0,0.3214,1.005,1.005,0.1082,0.1082,0.1086,0.1086,0,1,2,120,120,0,187,0,0,0,10.73,0,0.1165,0,0,0,0.2611,0.2611,0,0,0.1219,0,5.486,0,0.5013,0.008658,0,0,0,0,0,0.1042,0,0.04995,0,0,0,0,0,0,0,0,0,0
C:\Users\Sui Wei En\Downloads\Combined_abc\shostakovich9_a.mid,Shostakovich,9,a,0.5,0.83,53,3,11.37,11.37,0,0.4192,0,10.32,1.595,0.6468,1,1.037,1.288,0,0.004545,0.5429,0.5429,0.6609,0,1.303,0.0404,0.37,0.37,0.004545,0,0,0,0,2,0,0.5763,3,4,0,3,0,110,0,0,85,1,0.004587,1.5,1.5,0.344,0.367,0,0.289,120,5,3,28,4,1,1,12,0,6.25,1,1,5.929,1,64,5.706,1.302,0.01261,1.832,120,1,1,0,1,0.009174,0.1212,0.02525,0.05556,0.1818,5.534,0.02525,0.0202,0.197,0.0303,1,0.004587,0.25,2.9,0,2,68,3,0.5,0,0,1.982,0.7583,0.9909,0.4308,0.9909,4,0,0,2,9,10,10,12,1,62,5,5,5,5,0,0,0,0,0.4,0.4,0.6667,0.004545,0.913,4.795,5.758,-0.2489,-0.7576,3.539,2.725,5.013,-0.4554,23.45,0.6,0.6,0.05884,0.2248,0.1651,0.8578,0.197,0.05046,0.1743,0.4266,0.8901,0.05237,0.4266,0.02294,0,1,81,9,0.2936,1,0.9231,0.5269,0.9737,1,0,1,1,1,0.1061,0,0,21.09,1.065,1.554,0.02995,0.02995,0,4,80,80,0,0.5,0.6,1,0.3333,0.2374,1.095,1.095,0.1766,0.1766,0.1933,0.1933,0,1,2,120,120,0,218,0,0,0,1.469,0,0.7664,0,0,0,0.2312,0.4724,0,0.1025,0.6609,0,0,0.02283,0,0.009132,0.8901,0.01113,0.01175,0,0.01175,0.07526,0,0,0,0,0,0,0,0,0,0,0,0
,,,,0.67,0.71,,,,,,,,,,,,,,,,,,,,,,,,,,,,,,,,,,,,,,,,,,,,,,,,,,,,,,,,,,,,,,,,,,,,,,,,,,,,,,,,,,,,,,,,,,,,,,,,,,,,,,,,,,,,,,,,,,,,,,,,,,,,,,,,,,,,,,,,,,,,,,,,,,,,,,,,,,,,,,,,,,,,,,,,,,,,,,,,,,,,,,,,,,,,,,,,,,,,,,,,,,,,,,,,,,,,,,,,,,,,,,,,,,
